# Daten abfragen mit SQL

Im vorherigen Kapitel haben wir gelernt, wie man Tabellen erstellt, Daten einf√ºgt und Daten auch einfach ausliest. Jetzt gehen wir einen Schritt weiter: Wir lernen, wie man **gezielt nach Daten sucht, sie filtert, sortiert und analysiert** - die Herzst√ºck jeder Datenbank!

SQL ist eine **deklarative Sprache**: Wir beschreiben, **was** wir haben m√∂chten, nicht **wie** die Datenbank es finden soll. Das macht SQL m√§chtig und gleichzeitig einfach zu lernen.

---

## Die Grundstruktur von `SELECT`

Im vorigen Kapitel haben wir bereits den `SELECT` Befehl kennengelernt. Doch neben dieser einfachen gezeigten Abfrage k√∂nnen wir auch noch mehr damit machen. Eine SELECT-Abfrage hat folgende Grundstruktur:

```sql { .yaml .no-copy }
SELECT spalten
FROM tabelle
-- ‚Üì‚Üì Weitere Klauseln ‚Üì‚Üì
WHERE bedingung
ORDER BY sortierung;
```

**√úbersetzt bedeutet das:**

> "W√§hle diese **Spalten** aus dieser **Tabelle**, aber nur die Zeilen, die diese **Bedingung** erf√ºllen, und sortiere das Ergebnis nach dieser **Sortierung**."

Wir werden uns nun in diesem Kapitel ansehen, welche weiteren M√∂glichkeiten wir haben, um Daten aus einer Datenbank abzufragen und schon einfache Analysen durchf√ºhren. 

---

???+ info "Beispieldaten"

    F√ºr die nachfolgenden Beispiele verwenden wir unsere `maschinen` Tabelle und erweitern sie:

    ```sql
    INSERT INTO maschinen (maschinen_id, name, typ, standort, anschaffungsjahr, status)
    VALUES
        (1, 'CNC-Fr√§se Alpha', 'CNC-Fr√§se', 'Halle A', 2019, 'Aktiv'),
        (2, 'Drehbank Beta', 'Drehbank', 'Halle A', 2021, 'Aktiv'),
        (3, 'Schwei√üroboter Gamma', 'Schwei√üroboter', 'Halle B', 2020, 'Wartung'),
        (4, 'Lackieranlage Delta', 'Lackieranlage', 'Halle C', 2018, 'Aktiv'),
        (5, 'CNC-Fr√§se Epsilon', 'CNC-Fr√§se', 'Halle A', 2022, 'Aktiv'),
        (6, 'Drehbank Zeta', 'Drehbank', 'Halle B', 2017, 'Defekt'),
        (7, 'Schwei√üroboter Eta', 'Schwei√üroboter', 'Halle B', 2020, 'Aktiv'),
        (8, 'Stanzmaschine Theta', 'Stanzmaschine', 'Halle A', 2023, 'Aktiv');
    ```

    **Achtung**: Sollten sie bereits Daten in 'maschinen' enthalten haben mit dem gleichen Prim√§rschl√ºssel, wird es ihnen eine Fehlermeldung zur√ºckgeben. Wenn die ersten vier Zeilen also bereits enthalten sind, lassen sie diese hier einfach weg. 

---

## Filtern mit `WHERE`

Bislang haben wir bei der Abfrage von Daten entweder alles abgefragt (`*`) oder gewisse **Spalten** ausgew√§hlt. Welche **Zeilen** / Tuples aber geladen werden sollen, haben wir bisher nicht eingrenzt. Daher wurden zuvor alle Zeilen geladen. 

Mit der **WHERE-Klausel** k√∂nnen wir aber nun Datens√§tze nach bestimmten Kriterien filtern. Der grundlegende Syntax lautet wiefolgt: 

```sql { .yaml .no-copy }
SELECT * 
FROM tabellenname
WHERE bedingung;
```

### Einfache Vergleiche

Wie auch in der Mathematik stehen uns f√ºr die Bedingungen verschiedenste Vergleichsoperatoren zur Verf√ºgung. 

<div style="text-align:center; max-width:700px; margin:16px auto;">
<table role="table" 
       style="width:100%; border-collapse:separate; border-spacing:0; border:1px solid #cfd8e3; border-radius:10px; overflow:hidden; font-family:system-ui,sans-serif;">
    <thead>
    <tr style="background:#009485; color:#fff;">
        <th style="text-align:center; padding:12px 14px; font-weight:700;">Operator</th>
        <th style="text-align:left; padding:12px 14px; font-weight:700;">Bedeutung</th>
        <th style="text-align:left; padding:12px 14px; font-weight:700;">Beispiel</th>
    </tr>
    </thead>
    <tbody>
    <tr>
        <td style="background:#00948511; text-align:center; padding:10px 14px;"><code>=</code></td>
        <td style="padding:10px 14px;">Gleich</td>
        <td style="padding:10px 14px;"><code>status = 'Aktiv'</code></td>
    </tr>
    <tr>
        <td style="background:#00948511; text-align:center; padding:10px 14px;"><code>!=</code> oder <code>&lt;&gt;</code></td>
        <td style="padding:10px 14px;">Ungleich</td>
        <td style="padding:10px 14px;"><code>status != 'Defekt'</code></td>
    </tr>
    <tr>
        <td style="background:#00948511; text-align:center; padding:10px 14px;"><code>&gt;</code></td>
        <td style="padding:10px 14px;">Gr√∂√üer als</td>
        <td style="padding:10px 14px;"><code>anschaffungsjahr &gt; 2020</code></td>
    </tr>
    <tr>
        <td style="background:#00948511; text-align:center; padding:10px 14px;"><code>&lt;</code></td>
        <td style="padding:10px 14px;">Kleiner als</td>
        <td style="padding:10px 14px;"><code>anschaffungsjahr &lt; 2019</code></td>
    </tr>
    <tr>
        <td style="background:#00948511; text-align:center; padding:10px 14px;"><code>&gt;=</code></td>
        <td style="padding:10px 14px;">Gr√∂√üer oder gleich</td>
        <td style="padding:10px 14px;"><code>anschaffungsjahr &gt;= 2020</code></td>
    </tr>
    <tr>
        <td style="background:#00948511; text-align:center; padding:10px 14px;"><code>&lt;=</code></td>
        <td style="padding:10px 14px;">Kleiner oder gleich</td>
        <td style="padding:10px 14px;"><code>anschaffungsjahr &lt;= 2019</code></td>
    </tr>
    </tbody>
</table>
</div>

Mit diesen Vergleichsoperatoren k√∂nnen wir nun Filter-Bedingungen f√ºr die Abfrage der Daten festlegen.


???+ example "Beispiel"
    ```sql
    -- Alle CNC-Fr√§sen
    SELECT * FROM maschinen
    WHERE typ = 'CNC-Fr√§se';
    ```

    ```title="Output"
     maschinen_id |       name        |    typ    | standort | anschaffungsjahr | status
    --------------+-------------------+-----------+----------+------------------+--------
                1 | CNC-Fr√§se Alpha   | CNC-Fr√§se | Halle A  |             2019 | Aktiv
                5 | CNC-Fr√§se Epsilon | CNC-Fr√§se | Halle A  |             2022 | Aktiv
    (2 rows)
    ```

    ??? code "weitere Beispiele"
        ```sql
        -- Maschinen ab Anschaffungsjahr 2020
        SELECT name, typ, anschaffungsjahr
        FROM maschinen
        WHERE anschaffungsjahr >= 2020;
        ```

        ```sql
        -- Alle au√üer Maschinen in Halle A
        SELECT name, typ, standort
        FROM maschinen
        WHERE standort != 'Halle A';
        ```



---


### Verkn√ºpfte Vergleiche

Neben den einfachen Vergleichen k√∂nnen wir mehrere Bedingungen auch zu komplexeren verkn√ºpften Vergleichen kombinieren. Dazu stehen uns `AND`, `OR`, `NOT`, `IN` und `BETWEEN` zur Verf√ºgung.

<div style="text-align:center; max-width:820px; margin:16px auto;">
<table role="table"
       style="width:100%; border-collapse:separate; border-spacing:0; border:1px solid #cfd8e3; border-radius:10px; overflow:hidden; font-family:system-ui,sans-serif;">
    <thead>
    <tr style="background:#009485; color:#fff;">
        <th style="text-align:center; padding:12px 14px; font-weight:700;">Operator</th>
        <th style="text-align:left; padding:12px 14px; font-weight:700;">Bedeutung</th>
        <th style="text-align:left; padding:12px 14px; font-weight:700;">Beispiel</th>
    </tr>
    </thead>
    <tbody>
    <tr>
        <td style="background:#00948511; text-align:center; padding:10px 14px;"><code>AND</code></td>
        <td style="padding:10px 14px;">Beide Bedingungen m√ºssen erf√ºllt sein</td>
        <td style="padding:10px 14px;"><code>typ = 'CNC-Fr√§se' AND standort = 'Halle A'</code></td>
    </tr>
    <tr>
        <td style="background:#00948511; text-align:center; padding:10px 14px;"><code>OR</code></td>
        <td style="padding:10px 14px;">Mindestens eine Bedingung muss erf√ºllt sein</td>
        <td style="padding:10px 14px;"><code>status = 'Wartung' OR status = 'Defekt'</code></td>
    </tr>
    <tr>
        <td style="background:#00948511; text-align:center; padding:10px 14px;"><code>NOT</code></td>
        <td style="padding:10px 14px;">Negiert eine Bedingung</td>
        <td style="padding:10px 14px;"><code>NOT status = 'Aktiv'</code></td>
    </tr>
    <tr>
        <td style="background:#00948511; text-align:center; padding:10px 14px;"><code>IN</code></td>
        <td style="padding:10px 14px;">Pr√ºft, ob Wert in einer Liste enthalten ist</td>
        <td style="padding:10px 14px;"><code>typ IN ('CNC-Fr√§se', 'Drehbank')</code></td>
    </tr>
    <tr>
        <td style="background:#00948511; text-align:center; padding:10px 14px;"><code>BETWEEN</code></td>
        <td style="padding:10px 14px;">Pr√ºft, ob Wert in einem Bereich liegt (inklusiv)</td>
        <td style="padding:10px 14px;"><code>anschaffungsjahr BETWEEN 2018 AND 2020</code></td>
    </tr>
    </tbody>
</table>
</div>


???+ info "Inklusive"
    `BETWEEN` ist inklusive - beide Grenzen sind mit eingeschlossen 


???+ example "Beispiel"
    ```sql
    -- CNC-Fr√§sen in Halle A
    SELECT name, typ, standort
    FROM maschinen
    WHERE typ = 'CNC-Fr√§se' AND standort = 'Halle A';
    ```

    ```title="Output"
            name        |    typ    | standort
    ------------------+-----------+----------
    CNC-Fr√§se Alpha   | CNC-Fr√§se | Halle A
    CNC-Fr√§se Epsilon | CNC-Fr√§se | Halle A
    (2 rows)
    ```

    ??? code "weitere Beispiele"


        <div class="grid cards" markdown>


        -   __OR__

            ---
            
            ???+ example "Beispiel"
                ```sql
                -- Maschinen die in Wartung oder Defekt sind
                SELECT name, typ, status
                FROM maschinen
                WHERE status = 'Wartung' OR status = 'Defekt';
                ```

                ```title="Output"
                        name         |      typ       | status
                ---------------------+----------------+---------
                Schwei√üroboter Gamma | Schwei√üroboter | Wartung
                Drehbank Zeta        | Drehbank       | Defekt
                (2 rows)
                ```

        -   __NOT__

            ---


            ???+ example "Beispiel"
                ```sql
                -- Alle au√üer aktive Maschinen
                SELECT name, typ, status
                FROM maschinen
                WHERE NOT status = 'Aktiv';
                ```

                ```title="Output"
                        name         |      typ       | status
                ---------------------+----------------+---------
                Schwei√üroboter Gamma | Schwei√üroboter | Wartung
                Drehbank Zeta        | Drehbank       | Defekt
                (2 rows)
                ```


        -   __BETWEEN__

            ---
            
            ???+ example "Beispiel"
                ```sql
                -- Maschinen aus den Jahren 2018 bis 2020
                SELECT name, typ, anschaffungsjahr
                FROM maschinen
                WHERE anschaffungsjahr BETWEEN 2018 AND 2020;
                ```

                ```title="Output"
                        name         |      typ       | anschaffungsjahr
                ---------------------+----------------+------------------
                CNC-Fr√§se Alpha      | CNC-Fr√§se      |             2019
                Schwei√üroboter Gamma | Schwei√üroboter |             2020
                Lackieranlage Delta  | Lackieranlage  |             2018
                Schwei√üroboter Eta   | Schwei√üroboter |             2020
                (4 rows)
                ```

            

        -   __IN__

            ---
            
            ???+ example "Beispiel"
                ```sql
                -- Maschinen bestimmter Typen
                SELECT name, typ, standort
                FROM maschinen
                WHERE typ IN ('CNC-Fr√§se', 'Drehbank');
                ```

                Das ist √§quivalent zu:

                ```sql
                WHERE typ = 'CNC-Fr√§se' OR typ = 'Drehbank'
                ```

                ```title="Output"
                    name        |    typ    | standort
                ------------------+-----------+----------
                CNC-Fr√§se Alpha   | CNC-Fr√§se | Halle A
                Drehbank Beta     | Drehbank  | Halle A
                CNC-Fr√§se Epsilon | CNC-Fr√§se | Halle A
                Drehbank Zeta     | Drehbank  | Halle B
                (4 rows)
                ```
        </div>


---

### Muster mit `LIKE`

Oft wissen wir nicht genau, nach welchem exakten Wert wir suchen. Zum Beispiel:

- "Alle Maschinen, deren Name mit 'CNC' beginnt"
- "Alle Maschinen, die 'roboter' im Namen haben"
- "Alle Maschinen mit einem Namen der L√§nge 5"

F√ºr solche **Mustersuchen** verwenden wir den **`LIKE`-Operator** zusammen mit **Platzhaltern**. Platzhalter sind spezielle Zeichen, welche f√ºr ein beliebiges oder mehrere beliebige Zeichen stehen. Die mag im ersten Moment etwas verwirrend klingen, ist aber in der Praxis durchaus praktisch. Im Grunde gibt es zwei verschiedene Platzhalter:


<div style="text-align:center; max-width:700px; margin:16px auto;">
<table role="table"
       style="width:100%; border-collapse:separate; border-spacing:0; border:1px solid #cfd8e3; border-radius:10px; overflow:hidden; font-family:system-ui,sans-serif;">
    <thead>
    <tr style="background:#009485; color:#fff;">
        <th style="text-align:center; padding:12px 14px; font-weight:700;">Platzhalter</th>
        <th style="text-align:left; padding:12px 14px; font-weight:700;">Bedeutung</th>
        <th style="text-align:left; padding:12px 14px; font-weight:700;">Beispiel</th>
    </tr>
    </thead>
    <tbody>
    <tr>
        <td style="background:#00948511; text-align:center; padding:10px 14px;"><code>%</code></td>
        <td style="padding:10px 14px;">Steht f√ºr beliebig viele Zeichen (auch 0)</td>
        <td style="padding:10px 14px;"><code>'CNC%'</code> findet "CNC-Fr√§se", "CNC123", "CNC"</td>
    </tr>
    <tr>
        <td style="background:#00948511; text-align:center; padding:10px 14px;"><code>_</code></td>
        <td style="padding:10px 14px;">Steht f√ºr genau ein beliebiges Zeichen</td>
        <td style="padding:10px 14px;"><code>'M__1'</code> findet "M001", "MA01", "MX21"</td>
    </tr>
    </tbody>
</table>
</div>

Mit diesen zwei Zeichen und deren Bedeutung k√∂nnen wir bereits komplexere Abfragen erstellen. Beispielhaft Muster f√ºr `LIKE` Abfragen sind

<div style="text-align:center; max-width:820px; margin:16px auto;">
<table role="table"
       style="width:100%; border-collapse:separate; border-spacing:0; border:1px solid #cfd8e3; border-radius:10px; overflow:hidden; font-family:system-ui,sans-serif;">
    <thead>
    <tr style="background:#009485; color:#fff;">
        <th style="text-align:left; padding:12px 14px; font-weight:700;">LIKE-Muster</th>
        <th style="text-align:left; padding:12px 14px; font-weight:700;">Bedeutung</th>
    </tr>
    </thead>
    <tbody>
    <tr>
        <td style="background:#00948511; padding:10px 14px;"><code>LIKE 'CNC%'</code></td>
        <td style="padding:10px 14px;">Beginnt mit "CNC"</td>
    </tr>
    <tr>
        <td style="background:#00948511; padding:10px 14px;"><code>LIKE '%roboter%'</code></td>
        <td style="padding:10px 14px;">Enth√§lt "roboter" irgendwo im Text</td>
    </tr>
    <tr>
        <td style="background:#00948511; padding:10px 14px;"><code>LIKE '%Beta'</code></td>
        <td style="padding:10px 14px;">Endet mit "Beta"</td>
    </tr>
    <tr>
        <td style="background:#00948511; padding:10px 14px;"><code>LIKE '_a%'</code></td>
        <td style="padding:10px 14px;">Das zweite Zeichen ist "a"</td>
    </tr>
    <tr>
        <td style="background:#00948511; padding:10px 14px;"><code>LIKE '____'</code></td>
        <td style="padding:10px 14px;">Genau 4 Zeichen lang</td>
    </tr>
    <tr>
        <td style="background:#00948511; padding:10px 14px;"><code>LIKE 'M___%'</code></td>
        <td style="padding:10px 14px;">Beginnt mit "M" und hat mindestens 4 Zeichen</td>
    </tr>
    </tbody>
</table>
</div>


???+ example "Beispiel"
    ```sql
    -- Alle Maschinen mit 'roboter' im Namen (Gro√ü-/Kleinschreibung beachten!)
    SELECT name, typ
    FROM maschinen
    WHERE name LIKE '%roboter%';
    ```

    ```title="Output"
            name         |      typ
    ---------------------+----------------
    Schwei√üroboter Gamma | Schwei√üroboter
    Schwei√üroboter Eta   | Schwei√üroboter
    (2 rows)
    ```

    ??? code "weitere Beispiele"

        <div class="grid cards" markdown>

        -   __Beginnt mit...__

            ---

            ???+ example "Beispiel"
                ```sql
                -- Alle Maschinen deren Name mit 'CNC' beginnt
                SELECT name, typ
                FROM maschinen
                WHERE name LIKE 'CNC%';
                ```

                ```title="Output"
                    name        |    typ
                ------------------+-----------
                CNC-Fr√§se Alpha   | CNC-Fr√§se
                CNC-Fr√§se Epsilon | CNC-Fr√§se
                (2 rows)
                ```

        -   __Endet mit...__

            ---

            ???+ example "Beispiel"
                ```sql
                -- Alle Maschinen deren Name mit 'Beta' endet
                SELECT name, typ
                FROM maschinen
                WHERE name LIKE '%Beta';
                ```

                ```title="Output"
                    name      |   typ
                --------------+----------
                Drehbank Beta | Drehbank
                (1 row)
                ```

        -   __Genaue L√§nge__

            ---

            ???+ example "Beispiel"
                ```sql
                -- Maschinennamen mit genau 5 Zeichen
                SELECT name, status
                FROM maschinen
                WHERE status LIKE '_____';  -- 5 Unterstriche
                ```

                ```title="Output"
                    name         | status
                --------------------+--------
                CNC-Fr√§se Alpha     | Aktiv
                Drehbank Beta       | Aktiv
                Lackieranlage Delta | Aktiv
                CNC-Fr√§se Epsilon   | Aktiv
                Schwei√üroboter Eta  | Aktiv
                Stanzmaschine Theta | Aktiv
                (6 rows)
                ```

        </div>

???+ warning "Gro√ü-/Kleinschreibung"
    **`LIKE`** ist in PostgreSQL standardm√§√üig **case-sensitive**. Dies bedeutet, es wird sehr genau zwischen Gro√ü- und Kleinschreibung unterschieden!

    - `LIKE 'cnc%'` findet NICHT "CNC-Fr√§se"
    - `LIKE 'CNC%'` findet "CNC-Fr√§se"

    F√ºr **case-insensitive** Suche verwende **ILIKE**:
    ```sql
    SELECT name FROM maschinen WHERE name ILIKE 'cnc%';  -- findet "CNC-Fr√§se"
    ```

---

## Sortieren mit `ORDER BY`

Standardm√§√üig werden Abfrageergebnisse in **keiner bestimmten Reihenfolge** zur√ºckgegeben - die Datenbank entscheidet selbst, wie sie die Daten ausgibt. Wenn wir eine **definierte Sortierung** ben√∂tigen (z.B. alphabetisch, nach Datum, nach Zahlen), verwenden wir **`ORDER BY`**.

Mit **`ORDER BY`** k√∂nnen wir Ergebnisse nach einer oder mehreren Spalten sortieren - sowohl **aufsteigend** (A‚ÜíZ, 0‚Üí9, alt‚Üíneu) als auch **absteigend** (Z‚ÜíA, 9‚Üí0, neu‚Üíalt). Der grundlegende Syntax lautet wiefolgt: 

```sql { .yaml .no-copy }
SELECT * 
FROM tabellenname
ORDER BY attribut ASC; -- oder DESC
```

Die zwei verschiedenen Sortierrichtungen k√∂nnen mit Hilfe zweier Schl√ºsselw√∂rter ausgew√§hlt werden:

<div style="text-align:center; max-width:700px; margin:16px auto;">
<table role="table"
       style="width:100%; border-collapse:separate; border-spacing:0; border:1px solid #cfd8e3; border-radius:10px; overflow:hidden; font-family:system-ui,sans-serif;">
    <thead>
    <tr style="background:#009485; color:#fff;">
        <th style="text-align:center; padding:12px 14px; font-weight:700;">Schl√ºsselwort</th>
        <th style="text-align:left; padding:12px 14px; font-weight:700;">Bedeutung</th>
        <th style="text-align:left; padding:12px 14px; font-weight:700;">Beispiel</th>
    </tr>
    </thead>
    <tbody>
    <tr>
        <td style="background:#00948511; text-align:center; padding:10px 14px;"><code>ASC</code></td>
        <td style="padding:10px 14px;">Aufsteigend (ascending) - <strong>Standard!</strong></td>
        <td style="padding:10px 14px;">A‚ÜíZ, 0‚Üí9, 2018‚Üí2024</td>
    </tr>
    <tr>
        <td style="background:#00948511; text-align:center; padding:10px 14px;"><code>DESC</code></td>
        <td style="padding:10px 14px;">Absteigend (descending)</td>
        <td style="padding:10px 14px;">Z‚ÜíA, 9‚Üí0, 2024‚Üí2018</td>
    </tr>
    </tbody>
</table>
</div>


???+ example "Beispiel"

    ```sql
    -- Erst nach Standort (A-Z), dann nach Anschaffungsjahr (neueste zuerst)
    SELECT name, standort, anschaffungsjahr
    FROM maschinen
    ORDER BY standort ASC, anschaffungsjahr DESC;
    ```

    ```title="Output"
             name         | standort | anschaffungsjahr
    ----------------------+----------+------------------
     Stanzmaschine Theta  | Halle A  |             2023
     CNC-Fr√§se Epsilon    | Halle A  |             2022
     Drehbank Beta        | Halle A  |             2021
     CNC-Fr√§se Alpha      | Halle A  |             2019
     Schwei√üroboter Gamma | Halle B  |             2020
     Schwei√üroboter Eta   | Halle B  |             2020
     Drehbank Zeta        | Halle B  |             2017
     Lackieranlage Delta  | Halle C  |             2018
    (8 rows)
    ```

    **Erkl√§rung:** Die Daten werden zuerst nach `standort` alphabetisch sortiert (Halle A, dann B, dann C). Innerhalb jeder Halle werden die Maschinen nach `anschaffungsjahr` absteigend sortiert (neueste zuerst).

    ??? code "weitere Beispiele"

        <div class="grid cards" markdown>

        -   __Aufsteigend (A-Z)__

            ---

            ???+ example "Beispiel"
                ```sql
                -- Nach Name sortiert (A-Z)
                SELECT name, typ
                FROM maschinen
                ORDER BY name;  -- ASC ist Standard und kann weggelassen werden
                ```

                ```title="Output"
                        name         |      typ
                ----------------------+----------------
                CNC-Fr√§se Alpha      | CNC-Fr√§se
                CNC-Fr√§se Epsilon    | CNC-Fr√§se
                Drehbank Beta        | Drehbank
                Drehbank Zeta        | Drehbank
                Lackieranlage Delta  | Lackieranlage
                Schwei√üroboter Eta   | Schwei√üroboter
                Schwei√üroboter Gamma | Schwei√üroboter
                Stanzmaschine Theta  | Stanzmaschine
                (8 rows)
                ```

                Oder explizit mit `ASC`:
                ```sql
                ORDER BY name ASC;
                ```

        -   __Absteigend (Z-A)__

            ---

            ???+ example "Beispiel"
                ```sql
                -- Nach Anschaffungsjahr sortiert (neueste zuerst)
                SELECT name, anschaffungsjahr
                FROM maschinen
                ORDER BY anschaffungsjahr DESC;
                ```

                ```title="Output"
                        name         | anschaffungsjahr
                ----------------------+------------------
                Stanzmaschine Theta  |             2023
                CNC-Fr√§se Epsilon    |             2022
                Drehbank Beta        |             2021
                Schwei√üroboter Gamma |             2020
                Schwei√üroboter Eta   |             2020
                CNC-Fr√§se Alpha      |             2019
                Lackieranlage Delta  |             2018
                Drehbank Zeta        |             2017
                (8 rows)
                ```


        -   __Nach Spaltenposition__

            ---

            ???+ example "Beispiel"
                Alternativ kann man auch die **Position der Spalte** im SELECT angeben:

                ```sql
                SELECT name, typ, anschaffungsjahr
                FROM maschinen
                ORDER BY 3 DESC;  -- Sortiere nach der 3. Spalte (anschaffungsjahr)
                ```

                ???+ warning "Nicht empfohlen!"
                    Diese Schreibweise ist **weniger lesbar** und sollte nur in Ausnahmef√§llen verwendet werden. Besser ist es, den Spaltennamen explizit anzugeben: `ORDER BY anschaffungsjahr DESC`

        </div>

**Sortierung und NULL-Werte**

Was passiert eigentlich, wenn eine Spalte **NULL-Werte** (leere Eintr√§ge) enth√§lt? 

<div style="text-align: center;">
    <img src="https://devhumor.com/content/uploads/images/December2019/null.jpg" alt="NULL" style="max-width: 70%;">
    <figcaption>Quelle: <a href="https://devhumor.com/content/uploads/images/December2019/null.jpg">devhumor</a></figcaption>
</div>



???+ question "Sortierung von NULL-Werten"
    Erkunden wir nun, wie PostgreSQL mit NULL Werten bei Sortierungen umgeht. Gehe dabei wiefolgt vor: 

    1. F√ºge eine neue Zeile mit fehlenden Werten ein

        ```sql
        INSERT INTO maschinen (maschinen_id, name, typ, standort)
        VALUES
            (9, 'CNC-Fr√§se Dolphine', 'CNC-Fr√§se', 'Halle b'),
            (10, 'Drehbank Theta', 'Drehbank', 'Halle B');
        ```
    2. Frage alle Daten der Tabelle ab und sortiere Aufsteigend nach `anschaffungsjahr`. Wo werden die fehlenden Werte dargestellt? Ganz am Anfang oder am Ende? 
    3. Nun machen wir das gleiche und f√ºr die Spalte `status` und sortieren Absteigend. Wo werden die fehlenden Werte dargetellt? 

??? info "L√∂sung"
    Das Standardverhalten in PostgreSQL ist:

    - Bei `ASC` (aufsteigend): NULL-Werte kommen **am Ende**

        ```sql
        SELECT * FROM maschinen
        ORDER BY anschaffungsjahr
        ```

    - Bei `DESC` (absteigend): NULL-Werte kommen **am Anfang**
        ```sql
        SELECT * FROM maschinen
        ORDER BY status DESC;
        ```


Doch dieses Verhalten ist nicht in Stein gemeiselt. Wir k√∂nnen dies auch gezielt steuern und festlegen. 


```sql
-- NULL-Werte zuerst, dann aufsteigend sortieren
ORDER BY spalte ASC NULLS FIRST;

-- NULL-Werte am Ende, dann aufsteigend sortieren
ORDER BY spalte ASC NULLS LAST;
```

---

## Ergebnismenge begrenzen mit `LIMIT`

Alle bisher kennengelernten Befehle liefern uns als R√ºckgabe s√§mtliche Datens√§tze - sofern diese die geforderten Bedingungen erf√ºllen. Manchmal m√∂chten wir aber nur eine bestimmte Anzahl - zum Beispiel: *Die Top 5 der neuesten Maschinen*.


Daf√ºr gibt es die Klausel `LIMIT` und optional dazugeh√∂rigt `OFFSET`.

???+ tip "Klausel"
    Eine Klausel ist ein Teil einer SQL-Anweisung, der eine bestimmte Aufgabe hat. Beispielsweise:

    - `SELECT`-Klausel
    - `FROM`-Klausel
    - `WHERE`-Klausel
    - `GROUP` BY-Klausel
    - `HAVING`-Klausel
    - `ORDER` BY-Klausel

### Grundlegende Verwendung

Wir starten mit der einfachen Verwendung von `LIMIT` zur Limitierung der R√ºckgabeergebnisse. Der grundlegende Syntax kann wiefolgt beschrieben werden: 

```sql { .yaml .no-copy }
SELECT spalten
FROM tabelle
ORDER BY sortierung
LIMIT anzahl;
```

Wenn wir diesem Syntax folgen k√∂nnen wir beispielsweise die ersten 3 Ergebnisse zur√ºckgeben lassen.



???+ example "Beispiel"
    ```sql
    -- Die 3 √§ltesten Maschinen
    SELECT name, anschaffungsjahr
    FROM maschinen
    ORDER BY anschaffungsjahr ASC
    LIMIT 3;
    ```

    ```title="Output"
            name         | anschaffungsjahr
    ---------------------+------------------
     Drehbank Zeta       |             2017
     Lackieranlage Delta |             2018
     CNC-Fr√§se Alpha     |             2019
    (3 rows)
    ```



???+ warning "LIMIT ohne ORDER BY"
    Wenn du `LIMIT` ohne `ORDER BY` verwendest, ist das Ergebnis **nicht vorhersehbar** - die Datenbank gibt irgendwelche Zeilen zur√ºck! Verwende daher **immer ORDER BY zusammen mit LIMIT**.

### Zeilen √ºberspringen mit `OFFSET`

Nun kann es vorkommen, dass wir nicht die ersten *N* Ergebnisse auslesen m√∂chten, sondern erst bei einem gewissen Wert beginnend. Mit `OFFSET` k√∂nnen wir die ersten *N* Zeilen **√ºberspringen** und erst ab einer bestimmten Position Ergebnisse zur√ºckgeben.


```sql { .yaml .no-copy }
SELECT spalten
FROM tabelle
ORDER BY sortierung
LIMIT anzahl OFFSET √ºberspringen;
```


???+ example "Beispiel"
    ```sql
    -- √úberspringe die ersten 3, zeige die n√§chsten 3 Maschinen
    SELECT name, anschaffungsjahr
    FROM maschinen
    ORDER BY anschaffungsjahr ASC
    LIMIT 3 OFFSET 3;
    ```

    ```title="Output"
            name         | anschaffungsjahr
    ---------------------+------------------
    Schwei√üroboter Gamma |             2020
    Schwei√üroboter Eta   |             2020
    Drehbank Beta        |             2021
    (3 rows)
    ```

    **Erkl√§rung:** Die ersten 3 Maschinen (2017, 2018, 2019) werden √ºbersprungen, dann werden die n√§chsten 3 zur√ºckgegeben.



???+ info "Paginierung"

    `LIMIT` und `OFFSET` werden h√§ufig f√ºr **Paginierung** verwendet - z.B. wenn eine Webseite Ergebnisse seitenweise anzeigt.

    Bei sehr gro√üen **OFFSET-Werten** (z.B. `OFFSET 10000`) kann die Performance leiden, da die Datenbank alle √ºbersprungenen Zeilen dennoch laden und durchlaufen muss. F√ºr gro√üe Datens√§tze gibt es bessere Ans√§tze (z.B. Cursor-basierte Paginierung).

---

## Aggregatfunktionen - Daten zusammenfassen

Bisher haben wir einzelne Datens√§tze abgefragt - jede Zeile wurde einzeln zur√ºckgegeben. Manchmal interessieren uns aber **zusammengefasste Informationen** √ºber viele Datens√§tze:

- **Wie viele** Maschinen haben wir insgesamt?
- Was ist das **durchschnittliche** Anschaffungsjahr?
- Was ist der **h√∂chste** oder **niedrigste** Wert in einer Spalte?
- Was ist die **Summe** aller Kosten?

F√ºr solche **statistischen Auswertungen** verwenden wir **Aggregatfunktionen**. Sie **fassen mehrere Zeilen zu einem einzigen Ergebniswert zusammen**. 

```sql { .yaml .no-copy }
SELECT funktion AS ergebnisname
FROM tabelle;
```

Neben der Funktion ist es sinnvoll einen Alias Namen f√ºr das Ergebnis der Berechnung mittels `AS` zum vergeben. 



<div style="text-align:center; max-width:820px; margin:16px auto;">
<table role="table"
       style="width:100%; border-collapse:separate; border-spacing:0; border:1px solid #cfd8e3; border-radius:10px; overflow:hidden; font-family:system-ui,sans-serif;">
    <thead>
    <tr style="background:#009485; color:#fff;">
        <th style="text-align:left; padding:12px 14px; font-weight:700;">Funktion</th>
        <th style="text-align:left; padding:12px 14px; font-weight:700;">Beschreibung</th>
        <th style="text-align:left; padding:12px 14px; font-weight:700;">Anwendungsfall</th>
    </tr>
    </thead>
    <tbody>
    <tr>
        <td style="background:#00948511; padding:10px 14px;"><code>COUNT(*)</code></td>
        <td style="padding:10px 14px;">Z√§hlt alle Zeilen</td>
        <td style="padding:10px 14px;">Wie viele Maschinen gibt es?</td>
    </tr>
    <tr>
        <td style="background:#00948511; padding:10px 14px;"><code>COUNT(spalte)</code></td>
        <td style="padding:10px 14px;">Z√§hlt Nicht-NULL-Werte</td>
        <td style="padding:10px 14px;">Wie viele Maschinen haben ein Status-Eintrag?</td>
    </tr>
    <tr>
        <td style="background:#00948511; padding:10px 14px;"><code>SUM(spalte)</code></td>
        <td style="padding:10px 14px;">Summe aller Werte</td>
        <td style="padding:10px 14px;">Gesamtkosten aller Maschinen?</td>
    </tr>
    <tr>
        <td style="background:#00948511; padding:10px 14px;"><code>AVG(spalte)</code></td>
        <td style="padding:10px 14px;">Durchschnittswert</td>
        <td style="padding:10px 14px;">Durchschnittliches Anschaffungsjahr?</td>
    </tr>
    <tr>
        <td style="background:#00948511; padding:10px 14px;"><code>MIN(spalte)</code></td>
        <td style="padding:10px 14px;">Kleinster Wert</td>
        <td style="padding:10px 14px;">√Ñlteste Maschine (fr√ºhestes Jahr)?</td>
    </tr>
    <tr>
        <td style="background:#00948511; padding:10px 14px;"><code>MAX(spalte)</code></td>
        <td style="padding:10px 14px;">Gr√∂√üter Wert</td>
        <td style="padding:10px 14px;">Neueste Maschine (sp√§testes Jahr)?</td>
    </tr>
    </tbody>
</table>
</div>

???+ example "Beispiel"

    ```sql
    -- √Ñlteste und neueste Maschine
    SELECT
        MIN(anschaffungsjahr) AS aelteste,
        MAX(anschaffungsjahr) AS neueste
    FROM maschinen;
    ```

    ```title="Output"
        aelteste | neueste
    ----------+---------
            2017 |    2023
    (1 row)
    ```

    **Erkl√§rung:** Wir k√∂nnen mehrere Aggregatfunktionen in einer Abfrage kombinieren.

    ??? code "weitere Beispiele"

        <div class="grid cards" markdown>

        -   __COUNT - Z√§hlen__

            ---

            ???+ example "Beispiel"
                ```sql
                -- Wie viele Maschinen gibt es insgesamt?
                SELECT COUNT(*) AS anzahl_maschinen
                FROM maschinen;
                ```

                ```title="Output"
                anzahl_maschinen
                ------------------
                                10
                (1 row)
                ```

                **Erkl√§rung:** `COUNT(*)` z√§hlt alle Zeilen in der Tabelle - unabh√§ngig vom Inhalt.

                ??? code "COUNT mit Bedingung"
                    ```sql
                    -- Wie viele Maschinen sind aktiv?
                    SELECT COUNT(*) AS anzahl_aktiv
                    FROM maschinen
                    WHERE status = 'Aktiv';
                    ```

                    ```title="Output"
                    anzahl_aktiv
                    --------------
                                6
                    (1 row)
                    ```

        -   __AVG - Durchschnitt__

            ---

            ???+ example "Beispiel"
                ```sql
                -- Durchschnittliches Anschaffungsjahr
                SELECT AVG(anschaffungsjahr) AS durchschnitt
                FROM maschinen;
                ```

                ```title="Output"
                        durchschnitt
                ---------------------
                2020.0000000000000000
                (1 row)
                ```

                **Erkl√§rung:** `AVG()` berechnet den arithmetischen Mittelwert aller Anschaffungsjahre.


        -   __SUM - Summe__

            ---

            ???+ example "Beispiel"
                Angenommen, unsere `maschinen`-Tabelle h√§tte eine Spalte `wartungskosten`:

                ```sql
                -- Gesamte Wartungskosten aller Maschinen
                SELECT SUM(wartungskosten) AS gesamtkosten
                FROM maschinen;
                ```

                **Hinweis:** `SUM()` funktioniert nur mit numerischen Spalten (INTEGER, NUMERIC, etc.)

        </div>

???+ warning "NULL-Werte werden ignoriert"
    Aggregatfunktionen (au√üer `COUNT(*)`) **ignorieren NULL-Werte**!

    - `COUNT(spalte)` z√§hlt nur Nicht-NULL-Werte
    - `AVG(spalte)` berechnet den Durchschnitt nur aus vorhandenen Werten
    - `SUM(spalte)` summiert nur vorhandene Werte


---



## Gruppieren mit `GROUP BY`

Mit den Aggregatfunktionen k√∂nnen wir bereits einfache Analysen unseres Datensatzes durchf√ºhren. Wir k√∂nnen Summen bilden, Mittelwerte berechnen oder Werte z√§hlen. Doch h√§ufig kann es sein, dass wir diese Analysen nach gewissen Gruppen unterteilen wollen.:

- Wie viele Maschinen gibt es **pro Typ**?
- Was ist das durchschnittliche Anschaffungsjahr **pro Standort**?
- Wie viele Maschinen gibt es **pro Status**?

Um diese Fragen zu beantworten, verwenden wir `GROUP BY` - es fasst Zeilen mit gleichen Werten zusammen und erlaubt **Aggregationen pro Gruppe**.

```sql { .yaml .no-copy }
SELECT gruppenspalte, aggregatfunktion(spalte)
FROM tabelle
GROUP BY gruppenspalte;
```



???+ example "Beispiel"

    ```sql
    -- Wie viele Maschinen gibt es pro Typ?
    SELECT typ, COUNT(*) AS anzahl
    FROM maschinen
    GROUP BY typ;
    ```

    ```title="Output"
            typ       | anzahl
    ----------------+--------
        CNC-Fr√§se      |      2
        Drehbank       |      2
        Schwei√üroboter |      2
        Lackieranlage  |      1
        Stanzmaschine  |      1
    (5 rows)
    ```

    **Erkl√§rung:** Die Datenbank gruppiert alle Maschinen nach `typ` und z√§hlt, wie viele Maschinen in jeder Gruppe sind.

    ??? code "weiteres Beispiel"
        ???+ example "Beispiel"

            ```sql
            -- √Ñlteste und neueste Maschine pro Standort
            SELECT
                standort,
                MIN(anschaffungsjahr) AS aelteste,
                MAX(anschaffungsjahr) AS neueste
            FROM maschinen
            GROUP BY standort;
            ```

            ```title="Output"
            standort | aelteste | neueste
            ----------+----------+---------
            Halle A  |     2019 |    2023
            Halle B  |     2017 |    2020
            Halle C  |     2018 |    2018
            (3 rows)
            ```

Die `GROUP BY` Klausel wird fast ausschlie√ülich in Kombination mit einer Aggregatfunktion verwendet. Prinzipiell ist es syntaktisch erlaubt ein `GROUP BY` ohne Aggregation zu verwenden - semantisch ist es aber meist sinnnlos. Das Ergebnis w√§re ident mit jenem von [`DISTINCT`](#eindeutige-werte-mit-distinct) - es liefert nur die einzigartigen Werte einer Spalte. 

---

Spannend wird es, wenn wir **mehrere Aggregatfunktionen** gleichzeitig auf dieselbe Gruppierung anwenden. Damit k√∂nnen wir umfassendere Statistiken √ºber unseren Datensatz erzeugen. 

???+ example "Beispiel: Umfassende Statistik pro Standort"
    ```sql
    SELECT
        standort,
        COUNT(*) AS anzahl,
        AVG(anschaffungsjahr) AS durchschnitt_jahr,
        MIN(anschaffungsjahr) AS aelteste,
        MAX(anschaffungsjahr) AS neueste
    FROM maschinen
    GROUP BY standort
    ORDER BY anzahl DESC;
    ```

    ```title="Output"
     standort | anzahl |   durchschnitt_jahr   | aelteste | neueste
    ----------+--------+-----------------------+----------+---------
     Halle A  |      4 | 2020.7500000000000000 |     2019 |    2023
     Halle B  |      3 | 2019.0000000000000000 |     2017 |    2020
     Halle C  |      1 | 2018.0000000000000000 |     2018 |    2018
    (3 rows)
    ```

    **Erkl√§rung:** F√ºr jeden Standort sehen wir die Anzahl der Maschinen, das durchschnittliche Anschaffungsjahr sowie die √§lteste und neueste Maschine.

---
Um unsere Analyse noch weiter zu verfeinern, k√∂nnen wir auch **mehreren Spalten gleichzeitig** gruppieren. Dabei wird jede einzigartige Kombination der Spaltenwerte separat aufgef√ºhrt und die entsprechenden Analysen durchgef√ºhrt. 

???+ example "Beispiel: Gruppierung nach Standort UND Status"
    ```sql
    SELECT
        standort,
        status,
        COUNT(*) AS anzahl
    FROM maschinen
    GROUP BY standort, status
    ORDER BY standort, status;
    ```

    ```title="Output"
     standort | status  | anzahl
    ----------+---------+--------
     Halle A  | Aktiv   |      4
     Halle B  | Aktiv   |      1
     Halle B  | Defekt  |      1
     Halle B  | Wartung |      1
     Halle C  | Aktiv   |      1
    (5 rows)
    ```

    **Erkl√§rung:** Jede Kombination aus `standort` und `status` bildet eine eigene Gruppe.

---


???+ warning "SELECT-Regel f√ºr GROUP BY"
    Wenn du `GROUP BY` verwendest, d√ºrfen im `SELECT` **nur** vorkommen:

    1. **Spalten, die in GROUP BY stehen**
    2. **Aggregatfunktionen**

    **Richtig:**
    ```sql
    SELECT typ, COUNT(*) AS anzahl
    FROM maschinen
    GROUP BY typ;  -- ‚úì typ steht in GROUP BY
    ```

    **Falsch:**
    ```sql
    SELECT typ, name, COUNT(*) AS anzahl  -- ‚úó name steht nicht in GROUP BY!
    FROM maschinen
    GROUP BY typ;
    ```

    **Warum?** Wenn wir nach `typ` gruppieren, gibt es in der Gruppe "CNC-Fr√§se" zwei verschiedene Namen ("CNC-Fr√§se Alpha" und "CNC-Fr√§se Epsilon"). Die Datenbank wei√ü nicht, welchen sie anzeigen soll!

???+ info "ORDER BY mit GROUP BY"
    Nach der Gruppierung k√∂nnen wir das Ergebnis mit `ORDER BY` sortieren:

    ```sql
    SELECT typ, COUNT(*) AS anzahl
    FROM maschinen
    GROUP BY typ
    ORDER BY anzahl DESC;  -- Sortiere nach Anzahl (absteigend)
    ```

    Wir k√∂nnen nach:

    - Der **Gruppenspalte** sortieren: `ORDER BY typ`
    - Einem **Aggregat-Ergebnis** sortieren: `ORDER BY anzahl DESC`

---



## Gruppen filtern mit `HAVING`

Mit `WHERE` k√∂nnen wir **einzelne Zeilen** vor der Gruppierung filtern. Was aber, wenn wir **Gruppen nach ihrer Aggregation** filtern m√∂chten?

Zum Beispiel:

- Welche Maschinentypen haben **mehr als 2 Maschinen**?
- Welche Standorte haben ein **durchschnittliches Anschaffungsjahr √ºber 2020**?

Hier kommt `HAVING` ins Spiel - es filtert **Gruppen nach Aggregationsergebnissen**.

```sql { .yaml .no-copy }
SELECT gruppenspalte, aggregatfunktion(spalte)
FROM tabelle
GROUP BY gruppenspalte
HAVING bedingung_f√ºr_aggregat;
```

Der Unterschied zwischen  `WHERE` und `HAVING` kann wiefolgt zusammengefasst werden

<div style="text-align:center; max-width:820px; margin:16px auto;">
<table role="table"
       style="width:100%; border-collapse:separate; border-spacing:0; border:1px solid #cfd8e3; border-radius:10px; overflow:hidden; font-family:system-ui,sans-serif;">
    <thead>
    <tr style="background:#009485; color:#fff;">
        <th style="text-align:left; padding:12px 14px; font-weight:700;">Aspekt</th>
        <th style="text-align:left; padding:12px 14px; font-weight:700;">WHERE</th>
        <th style="text-align:left; padding:12px 14px; font-weight:700;">HAVING</th>
    </tr>
    </thead>
    <tbody>
    <tr>
        <td style="background:#00948511; padding:10px 14px;"><strong>Filtert</strong></td>
        <td style="padding:10px 14px;">Einzelne Zeilen</td>
        <td style="padding:10px 14px;">Gruppen (nach Aggregation)</td>
    </tr>
    <tr>
        <td style="background:#00948511; padding:10px 14px;"><strong>Zeitpunkt</strong></td>
        <td style="padding:10px 14px;">Vor GROUP BY</td>
        <td style="padding:10px 14px;">Nach GROUP BY</td>
    </tr>
    <tr>
        <td style="background:#00948511; padding:10px 14px;"><strong>Kann verwenden</strong></td>
        <td style="padding:10px 14px;">Spalten, einfache Vergleiche</td>
        <td style="padding:10px 14px;">Aggregatfunktionen (COUNT, AVG, etc.)</td>
    </tr>
    <tr>
        <td style="background:#00948511; padding:10px 14px;"><strong>Beispiel</strong></td>
        <td style="padding:10px 14px;"><code>WHERE status = 'Aktiv'</code></td>
        <td style="padding:10px 14px;"><code>HAVING COUNT(*) > 2</code></td>
    </tr>
    </tbody>
</table>
</div>

<div class="grid cards" markdown>

-   __Einfaches HAVING__

    ---

    ???+ example "Beispiel"
        ```sql
        -- Maschinentypen mit mehr als 1 Maschine
        SELECT typ, COUNT(*) AS anzahl
        FROM maschinen
        GROUP BY typ
        HAVING COUNT(*) > 1;
        ```

        ```title="Output"
              typ       | anzahl
        ----------------+--------
         CNC-Fr√§se      |      2
         Drehbank       |      2
         Schwei√üroboter |      2
        (3 rows)
        ```

        **Erkl√§rung:** Erst werden die Maschinen nach Typ gruppiert und gez√§hlt. Dann werden nur die Gruppen angezeigt, die mehr als 1 Maschine haben.

-   __HAVING mit AVG__

    ---

    ???+ example "Beispiel"
        ```sql
        -- Standorte mit durchschnittlichem Anschaffungsjahr > 2019
        SELECT
            standort,
            AVG(anschaffungsjahr) AS durchschnitt,
            COUNT(*) AS anzahl
        FROM maschinen
        GROUP BY standort
        HAVING AVG(anschaffungsjahr) > 2019;
        ```

        ```title="Output"
         standort |      durchschnitt      | anzahl
        ----------+------------------------+--------
         Halle A  | 2021.2500000000000000  |      4
        (1 row)
        ```

        **Erkl√§rung:** Nur Standorte, deren durchschnittliches Anschaffungsjahr √ºber 2019 liegt, werden angezeigt.

-   __WHERE und HAVING kombiniert__

    ---

    ???+ example "Beispiel"
        ```sql
        -- Standorte mit mehr als 1 aktiver Maschine
        SELECT standort, COUNT(*) AS anzahl_aktiv
        FROM maschinen
        WHERE status = 'Aktiv'      -- Filtert Zeilen VOR Gruppierung
        GROUP BY standort
        HAVING COUNT(*) > 1;        -- Filtert Gruppen NACH Aggregation
        ```

        ```title="Output"
         standort | anzahl_aktiv
        ----------+--------------
         Halle A  |            4
        (1 row)
        ```

        **Ablauf:**

        1. `WHERE` filtert alle Zeilen ‚Üí nur Maschinen mit Status "Aktiv"
        2. `GROUP BY` gruppiert nach Standort
        3. `COUNT(*)` z√§hlt Maschinen pro Standort
        4. `HAVING` filtert Gruppen ‚Üí nur Standorte mit mehr als 1 Maschine

-   __Mehrere HAVING-Bedingungen__

    ---

    ???+ example "Beispiel"
        ```sql
        -- Maschinentypen mit mindestens 2 Maschinen UND alle aktiv
        SELECT
            typ,
            COUNT(*) AS anzahl,
            COUNT(*) FILTER (WHERE status = 'Aktiv') AS aktiv
        FROM maschinen
        GROUP BY typ
        HAVING COUNT(*) >= 2 AND COUNT(*) FILTER (WHERE status = 'Aktiv') = COUNT(*);
        ```

        **Erkl√§rung:** Kombiniert mehrere HAVING-Bedingungen mit `AND` - nur Typen mit mindestens 2 Maschinen, bei denen alle aktiv sind.

</div>

???+ warning "HAVING ohne GROUP BY?"
    Technisch ist `HAVING` ohne `GROUP BY` erlaubt - die gesamte Tabelle wird dann als eine einzige Gruppe behandelt:

    ```sql
    SELECT COUNT(*) AS anzahl
    FROM maschinen
    HAVING COUNT(*) > 5;
    ```

    Das ist aber **un√ºblich** - hier w√ºrde man normalerweise ein `WHERE` verwenden (wenn es ohne Aggregation geht) oder einfach das Ergebnis im Code pr√ºfen.

---

## Eindeutige Werte mit `DISTINCT`

Manchmal m√∂chten wir wissen, welche **verschiedenen Werte** in einer Spalte vorkommen - ohne Duplikate. Zum Beispiel:

- Welche **verschiedenen Maschinentypen** gibt es?
- An welchen **Standorten** stehen Maschinen?
- Welche **Status-Werte** kommen vor?

Daf√ºr verwenden wir **DISTINCT** - es entfernt Duplikate und zeigt jeden Wert nur **einmal**.

```sql { .yaml .no-copy }
SELECT DISTINCT spalte
FROM tabelle;
```

<div class="grid cards" markdown>

-   __Eine Spalte__

    ---

    ???+ example "Beispiel"
        ```sql
        -- Welche verschiedenen Maschinentypen gibt es?
        SELECT DISTINCT typ
        FROM maschinen;
        ```

        ```title="Output"
              typ
        ----------------
         CNC-Fr√§se
         Drehbank
         Schwei√üroboter
         Lackieranlage
         Stanzmaschine
        (5 rows)
        ```

        **Erkl√§rung:** Obwohl es 8 Maschinen gibt, werden nur die 5 verschiedenen Typen angezeigt (ohne Wiederholungen).

-   __Mehrere Spalten__

    ---

    ???+ example "Beispiel"
        ```sql
        -- Welche einzigartigen Kombinationen von Standort und Status gibt es?
        SELECT DISTINCT standort, status
        FROM maschinen
        ORDER BY standort, status;
        ```

        ```title="Output"
         standort | status
        ----------+---------
         Halle A  | Aktiv
         Halle B  | Aktiv
         Halle B  | Defekt
         Halle B  | Wartung
         Halle C  | Aktiv
        (5 rows)
        ```

        **Erkl√§rung:** `DISTINCT` arbeitet hier auf der **Kombination** beider Spalten - jede einzigartige Kombination wird nur einmal angezeigt.

-   __Mit ORDER BY__

    ---

    ???+ example "Beispiel"
        ```sql
        -- Alle Standorte alphabetisch sortiert
        SELECT DISTINCT standort
        FROM maschinen
        ORDER BY standort;
        ```

        ```title="Output"
         standort
        ----------
         Halle A
         Halle B
         Halle C
        (3 rows)
        ```

        **Erkl√§rung:** `DISTINCT` kann mit `ORDER BY` kombiniert werden, um die eindeutigen Werte sortiert auszugeben.

-   __Mit WHERE__

    ---

    ???+ example "Beispiel"
        ```sql
        -- Welche Typen gibt es in Halle B?
        SELECT DISTINCT typ
        FROM maschinen
        WHERE standort = 'Halle B';
        ```

        ```title="Output"
              typ
        ----------------
         Schwei√üroboter
         Drehbank
        (2 rows)
        ```

        **Erkl√§rung:** Erst werden die Zeilen mit `WHERE` gefiltert, dann werden die eindeutigen Typen ermittelt.

</div>


???+ warning "Performance-Hinweis"
    `DISTINCT` kann bei gro√üen Tabellen **langsam** sein, da die Datenbank alle Zeilen verarbeiten und Duplikate entfernen muss. Wenn m√∂glich, kombiniere es mit `WHERE`, um die Datenmenge vorher zu reduzieren:

    ```sql
    -- Besser: Erst filtern, dann DISTINCT
    SELECT DISTINCT typ
    FROM maschinen
    WHERE anschaffungsjahr > 2019;  -- Reduziert Datenmenge
    ```

---

## Praktische √úbungen üéØ

Verwende die `maschinen` und `ersatzteile` Tabellen f√ºr folgende Aufgaben:

???+ question "Aufgabe 1: Einfache Abfragen"

    1. Zeige alle Maschinen in Halle B
    2. Zeige Maschinen, die 2020 oder 2021 angeschafft wurden
    3. Zeige Maschinen, deren Name mit 'Schwei√üroboter' beginnt

    ??? tip "L√∂sungen anzeigen"

        ```sql
        -- 1
        SELECT * FROM maschinen WHERE standort = 'Halle B';

        -- 2
        SELECT * FROM maschinen WHERE anschaffungsjahr IN (2020, 2021);

        -- 3
        SELECT * FROM maschinen WHERE name LIKE 'Schwei√üroboter%';
        ```

???+ question "Aufgabe 2: Sortierung"

    1. Sortiere Maschinen nach Standort (aufsteigend), dann nach Anschaffungsjahr (absteigend)
    2. Zeige die 3 neuesten Maschinen

    ??? tip "L√∂sungen anzeigen"

        ```sql
        -- 1
        SELECT * FROM maschinen ORDER BY standort ASC, anschaffungsjahr DESC;

        -- 2
        SELECT * FROM maschinen ORDER BY anschaffungsjahr DESC LIMIT 3;
        ```

???+ question "Aufgabe 3: Aggregationen"

    1. Wie viele Maschinen gibt es pro Standort?
    2. Was ist das durchschnittliche Anschaffungsjahr aller Maschinen?
    3. Welche Maschinentypen haben mindestens 2 Maschinen?

    ??? tip "L√∂sungen anzeigen"

        ```sql
        -- 1
        SELECT standort, COUNT(*) AS anzahl
        FROM maschinen
        GROUP BY standort
        ORDER BY standort;

        -- 2
        SELECT AVG(anschaffungsjahr) AS durchschnitt FROM maschinen;

        -- 3
        SELECT typ, COUNT(*) AS anzahl
        FROM maschinen
        GROUP BY typ
        HAVING COUNT(*) >= 2;
        ```

---

## Zusammenfassung üìå

- **WHERE** filtert Zeilen nach Bedingungen (`=`, `!=`, `>`, `<`, `>=`, `<=`)
- **AND**, **OR**, **NOT** kombinieren Bedingungen
- **BETWEEN** pr√ºft Wertebereiche, **IN** pr√ºft gegen eine Liste
- **LIKE** erm√∂glicht Mustersuche (`%` und `_` als Platzhalter)
- **ORDER BY** sortiert Ergebnisse (ASC aufsteigend, DESC absteigend)
- **LIMIT** begrenzt die Anzahl der Ergebnisse, **OFFSET** √ºberspringt Zeilen
- **Aggregatfunktionen** (COUNT, SUM, AVG, MIN, MAX) fassen Daten zusammen
- **GROUP BY** gruppiert Zeilen f√ºr Aggregationen
- **HAVING** filtert Gruppen (√§hnlich wie WHERE, aber f√ºr Gruppen)
- **DISTINCT** entfernt Duplikate

---

Im n√§chsten Kapitel lernen wir, wie wir Daten **√§ndern, aktualisieren und l√∂schen** k√∂nnen - und welche Fallstricke dabei lauern!

<div style="text-align: center;">
    <img src="https://media.giphy.com/media/v1.Y2lkPTc5MGI3NjExZmR0aWN5OGxwZWt5dHl6cXh5dHl6cXh5dHl6cXh5dHl6cXh5dHl6cXh5ZHMmZXA9djFfZ2lmc19zZWFyY2gmY3Q9Zw/xT9IgzoKnwFNmISR8I/giphy.gif" alt="" style="width:220px; margin-bottom: 1em;">
</div>
