# Fortgeschrittene Abfragen

In den vorangegangenen Kapiteln haben wir die Grundlagen von SQL kennengelernt: Vom [Erstellen von Tabellen](relational.md), √ºber das [Abfragen](abfragen.md) und [Manipulieren von Daten](manipulieren.md), bis hin zur [Modellierung von Beziehungen](modellierung.md) und dem [Verkn√ºpfen mehrerer Tabellen mit JOINs](join.md). Die Grundlagen sind gelegt!

Jetzt wird es Zeit f√ºr **fortgeschrittene SQL-Techniken**, die unsere Abfragen noch m√§chtiger machen. Diese Techniken werden uns helfen, komplexe Anfragen elegant zu l√∂sen und unsere Daten auf neue Art und Weise zu analysieren.

In diesem Kapitel lernen wir:

- **Unterabfragen (Subqueries)** ‚Äì Abfragen in Abfragen
- **String-Funktionen** ‚Äì Texte manipulieren
- **Datumsfunktionen** ‚Äì Mit Datum und Zeit arbeiten
- **CASE-WHEN** ‚Äì Bedingte Logik in SQL
- **COALESCE** ‚Äì `NULL`-Werte elegant behandeln

---

## Unterabfragen

Eine **Unterabfrage** (Subquery) ist eine `SELECT`-Abfrage **innerhalb** einer anderen Abfrage. Diese Technik erlaubt es uns, komplexe Fragestellungen in einem einzigen SQL-Statement zu l√∂sen, ohne tempor√§re Ergebnisse manuell weiterverarbeiten zu m√ºssen. Unterabfragen sind besonders n√ºtzlich, wenn wir das Ergebnis einer Berechnung direkt in einer anderen Abfrage verwenden m√∂chten.

???+ info "Datenbank-Setup"

    F√ºr die Beispiele in diesem Kapitel verwenden wir eine **Personal-Datenbank** (`personal_db`), die ein typisches HR-System eines Unternehmens abbildet. Diese Datenbank hilft uns, fortgeschrittene SQL-Techniken praxisnah zu √ºben.

    ```sql
    -- Datenbank erstellen
    CREATE DATABASE personal_db;

    -- Zur Datenbank wechseln
    \c personal_db

    -- Tabelle: Abteilungen
    CREATE TABLE abteilungen (
        abteilung_id SERIAL PRIMARY KEY,
        abteilungsname VARCHAR(100) NOT NULL,
        standort VARCHAR(100),
        budget NUMERIC(12, 2)
    );

    -- Tabelle: Mitarbeiter
    CREATE TABLE mitarbeiter (
        mitarbeiter_id SERIAL PRIMARY KEY,
        vorname VARCHAR(50) NOT NULL,
        nachname VARCHAR(50) NOT NULL,
        email VARCHAR(100),
        eintrittsdatum DATE NOT NULL,
        gehalt NUMERIC(10, 2) NOT NULL,
        bonus NUMERIC(10, 2),
        abteilung_id INTEGER,
        geburtstag DATE,
        FOREIGN KEY (abteilung_id) REFERENCES abteilungen(abteilung_id)
    );

    -- Testdaten: Abteilungen
    INSERT INTO abteilungen (abteilungsname, standort, budget)
    VALUES
        ('Produktion', 'Halle A', 500000.00),
        ('Entwicklung', 'Gebaeude Nord', 800000.00),
        ('Vertrieb', 'Gebaeude Sued', 600000.00),
        ('Verwaltung', 'Hauptgebaeude', 400000.00),
        ('Qualitaetssicherung', 'Halle B', 350000.00);

    -- Testdaten: Mitarbeiter
    INSERT INTO mitarbeiter (vorname, nachname, email, eintrittsdatum, gehalt, bonus, abteilung_id, geburtstag)
    VALUES
        ('Thomas', 'Mueller', 'thomas.mueller@firma.de', '2018-03-15', 65000.00, 5000.00, 1, '1985-06-20'),
        ('Sandra', 'Schmidt', 'sandra.schmidt@firma.de', '2019-07-01', 72000.00, 6000.00, 2, '1987-11-12'),
        ('Klaus', 'Weber', 'klaus.weber@firma.de', '2015-01-10', 58000.00, NULL, 1, '1980-04-08'),
        ('Anna', 'Fischer', 'anna.fischer@firma.de', '2020-09-01', 68000.00, 4500.00, 2, '1990-09-25'),
        ('Michael', 'Becker', 'michael.becker@firma.de', '2021-02-15', 55000.00, 3000.00, 3, '1992-02-14'),
        ('Julia', 'Wagner', 'julia.wagner@firma.de', '2017-11-20', 62000.00, NULL, 4, '1988-07-30'),
        ('Peter', 'Hoffmann', 'peter.hoffmann@firma.de', '2022-05-01', 51000.00, 2000.00, 3, '1995-03-18'),
        ('Lisa', 'Schulz', 'lisa.schulz@firma.de', '2016-08-12', 70000.00, 7000.00, 5, '1984-12-05'),
        ('Martin', 'Koch', 'martin.koch@firma.de', '2023-01-15', 48000.00, NULL, 1, '1998-05-22'),
        ('Sarah', 'Zimmermann', 'sarah.zimmermann@firma.de', '2019-04-20', 66000.00, 5500.00, 2, '1989-10-11');
    ```

    Diese Tabellen enthalten typische HR-Daten: Mitarbeiterinformationen, Geh√§lter, Bonuszahlungen und Abteilungszuordnungen.

---

Um uns Unterabfragen besser vorstellen zu k√∂nnen, betrachten wir folgendes Beispiel. Stellen wir uns vor, wir haben folgende Frage:

> Welche Mitarbeiter verdienen mehr als das durchschnittliche Gehalt?

Die Frage an sich ist relativ einfach zu beantworten. Wir k√∂nnen den Durchschnitt der Geh√§lter berechnen und dann die Mitarbeiter filtern, die mehr verdienen. In einem **zweistufigen Vorgehen** k√∂nnte dies so aussehen:

???+ example "Zweistufiges Vorgehen"

    ```sql
    -- 1. Durchschnitt berechnen
    SELECT AVG(gehalt) FROM mitarbeiter;  -- Ergebnis: 61500.00

    -- 2. Dann das Ergebnis manuell verwenden
    SELECT vorname, nachname, gehalt
    FROM mitarbeiter
    WHERE gehalt > 61500.00;
    ```

    ```{.cmd .no-copy title="Output"}
     vorname |  nachname  |  gehalt
    ---------+------------+----------
     Thomas  | Mueller    | 65000.00
     Sandra  | Schmidt    | 72000.00
     Anna    | Fischer    | 68000.00
     Julia   | Wagner     | 62000.00
     Lisa    | Schulz     | 70000.00
     Sarah   | Zimmermann | 66000.00
    (6 rows)
    ```

So w√ºrden wir in der ersten Abfrage das Durchschnittsgehalt berechnen und in einer zweiten Abfrage schlussendlich das eigentliche Ergebnis erhalten - die Mitarbeiter, die √ºberdurchschnittlich verdienen.

Da Programmierer von Haus aus faul sind, wollen wir diese Aufgabe nat√ºrlich in einem Schritt l√∂sen. Dazu verwenden wir eine **Unterabfrage**.

???+ example "Unterabfrage"

    ```sql
    SELECT vorname, nachname, gehalt
    FROM mitarbeiter
    WHERE gehalt > (SELECT AVG(gehalt) FROM mitarbeiter)
    ORDER BY gehalt DESC;
    ```

    ```{.cmd .no-copy title="Output"}
     vorname |  nachname  |  gehalt
    ---------+------------+----------
     Sandra  | Schmidt    | 72000.00
     Lisa    | Schulz     | 70000.00
     Anna    | Fischer    | 68000.00
     Sarah   | Zimmermann | 66000.00
     Thomas  | Mueller    | 65000.00
     Julia   | Wagner     | 62000.00
    (6 rows)
    ```

    Die innere Abfrage `(SELECT AVG(gehalt) FROM mitarbeiter)` wird **zuerst** ausgef√ºhrt und liefert einen Wert (61500.00), der dann in der √§u√üeren Abfrage verwendet wird. Das ist der gro√üe Vorteil von Unterabfragen: Wir m√ºssen nicht erst manuell den Durchschnitt berechnen und dann in eine zweite Abfrage einsetzen - SQL erledigt dies automatisch f√ºr uns in einem einzigen Schritt.

---

### `IN` und `NOT IN`

<div style="text-align: center;">
    <img src="https://i.imgflip.com/ac45wn.jpg" alt="IN und NOT IN" style="width:50%; margin-bottom: 1em;">
        <figcaption>Quelle: <a href="https://i.imgflip.com/ac45wn.jpg">imgflip</a></figcaption>
</div>

Eine besondere Art von Unterabfrage sind die **`IN`- und `NOT IN`-Operatoren**. Diese Operatoren erlauben es uns, zu pr√ºfen, ob ein Wert in einer Menge von Werten (aus einer Unterabfrage) enthalten ist. Dies ist besonders n√ºtzlich, wenn die Unterabfrage mehrere Ergebniszeilen liefert und wir pr√ºfen wollen, ob unser Wert in dieser Liste vorkommt. Statt eines einzelnen Wertes wie beim einfachen Vergleich, gibt die Unterabfrage hier unter Umst√§nden eine ganze Liste von Werten zur√ºck.

???+ example "Mitarbeiter in technischen Abteilungen"
    Schauen wir uns das Ganze wieder anhand eines Beispiels an. Wir m√∂chten gerne wissen, welche Mitarbeiter in den technischen Abteilungen (Produktion, Entwicklung, Qualit√§tssicherung) arbeiten.

    ```sql
    -- Mitarbeiter in technischen Abteilungen
    SELECT vorname, nachname
    FROM mitarbeiter
    WHERE abteilung_id IN (
        SELECT abteilung_id
        FROM abteilungen
        WHERE abteilungsname IN ('Produktion', 'Entwicklung', 'Qualitaetssicherung')
    );
    ```

    ```{.cmd .no-copy title="Output"}
     vorname |  nachname
    ---------+------------
     Thomas  | Mueller
     Sandra  | Schmidt
     Klaus   | Weber
     Anna    | Fischer
     Lisa    | Schulz
     Martin  | Koch
     Sarah   | Zimmermann
    (7 rows)
    ```

    Der Ablauf dieser Abfrage kann man wie folgt beschreiben:

    1. **Innere Abfrage:**
        - filtert die Abteilungen nach Namen (Produktion, Entwicklung, Qualit√§tssicherung)
        - liefert eine Liste von `abteilung_id` zur√ºck (z.B. 1, 2, 5)
    2. **√Ñu√üere Abfrage:**
        - filtert die Mitarbeiter, deren `abteilung_id` in der Liste der inneren Abfrage ist
        - liefert Vor- und Nachnamen der Mitarbeiter zur√ºck

Neben dem `IN`-Operator gibt es auch den `NOT IN`-Operator. Dieser Operator √ºberpr√ºft, ob ein Wert **NICHT** in einer Menge von Werten (aus einer Unterabfrage) enthalten ist. Das Vorgehen und deren Verwendung ist analog.

???+ example "Mitarbeiter NICHT in technischen Abteilungen"

    ```sql
    -- Mitarbeiter NICHT in technischen Abteilungen
    SELECT vorname, nachname
    FROM mitarbeiter
    WHERE abteilung_id NOT IN (
        SELECT abteilung_id
        FROM abteilungen
        WHERE abteilungsname IN ('Produktion', 'Entwicklung', 'Qualitaetssicherung')
    );
    ```

    ```{.cmd .no-copy title="Output"}
     vorname | nachname
    ---------+----------
     Michael | Becker
     Julia   | Wagner
     Peter   | Hoffmann
    (3 rows)
    ``` 

---

### EXISTS und NOT EXISTS

**EXISTS** pr√ºft, ob eine Unterabfrage **mindestens ein Ergebnis** liefert. Im Gegensatz zu `IN`, das die gesamte Ergebnisliste der Unterabfrage durchgeht, stoppt `EXISTS` bereits, sobald das erste passende Ergebnis gefunden wurde. Das macht `EXISTS` oft performanter, besonders bei gro√üen Datenmengen. 

???+ tip "`EXISTS` vs `NOT IN`"
    Ein weiterer Vorteil: `EXISTS` hat keine Probleme mit `NULL`-Werten, die bei `NOT IN` zu unerwartetem Verhalten f√ºhren k√∂nnen.

Betrachten wir die Operatoren wieder anhand von Beispielen: 

<div class="grid cards" markdown>

-   __EXISTS__

    ---

    ???+ example "Mindestens einen Mitarbeiter"
        ```sql
        -- Welche Abteilungen haben mindestens einen Mitarbeiter?
        SELECT abteilungsname, standort
        FROM abteilungen a
        WHERE EXISTS (
            SELECT 1
            FROM mitarbeiter m
            WHERE m.abteilung_id = a.abteilung_id
        );
        ```

        ```{.cmd .no-copy title="Output"}
           abteilungsname    |   standort
        ---------------------+---------------
         Produktion          | Halle A
         Entwicklung         | Gebaeude Nord
         Vertrieb            | Gebaeude Sued
         Verwaltung          | Hauptgebaeude
         Qualitaetssicherung | Halle B
        (5 rows)
        ```

        **Erkl√§rung:** F√ºr jede Abteilung pr√ºft die Unterabfrage, ob es zugeordnete Mitarbeiter gibt. `EXISTS` ist wahr, sobald **mindestens eine Zeile** gefunden wird.

-   __NOT EXISTS__

    ---

    ???+ example "Abteilungen ohne Mitarbeiter"

        ```sql
        -- Abteilungen OHNE Mitarbeiter finden
        -- (Beispiel: Wenn wir eine leere Abteilung einf√ºgen)
        INSERT INTO abteilungen (abteilungsname, standort, budget)
        VALUES ('Forschung', 'Gebaeude West', 1000000.00);

        -- Jetzt suchen wir leere Abteilungen
        SELECT abteilungsname, standort
        FROM abteilungen a
        WHERE NOT EXISTS (
            SELECT 1
            FROM mitarbeiter m
            WHERE m.abteilung_id = a.abteilung_id
        );
        ```

        ```sql title="Output"
         abteilungsname |   standort
        ----------------+---------------
         Forschung      | Gebaeude West
        (1 row)
        ```

        **Erkl√§rung:** F√ºr jede Abteilung pr√ºft die Unterabfrage, ob es keine zugeordneten Mitarbeiter gibt. `NOT EXISTS` ist wahr, sobald **keine Zeile** gefunden wird.


</div>


---

### Unterabfragen in `FROM`

Man kann eine Unterabfrage auch in der **`FROM`-Klausel** verwenden ‚Äì als w√§re sie eine Tabelle! Diese sogenannten "Derived Tables" oder "Inline Views" sind besonders n√ºtzlich, wenn wir mit aggregierten Daten weiterarbeiten m√∂chten. Da wir in der `WHERE`-Klausel keine Aggregatfunktionen direkt verwenden k√∂nnen, erstellen wir eine Unterabfrage, die die Aggregation durchf√ºhrt, und k√∂nnen dann auf deren Ergebnis filtern.

???+ example "Unterabfragen in `FROM`"

    ```sql
    -- Durchschnittliches Gehalt pro Abteilung, aber nur Abteilungen mit Durchschnitt > 60000
    SELECT abteilung, avg_gehalt
    FROM (
        SELECT
            a.abteilungsname AS abteilung,
            AVG(m.gehalt) AS avg_gehalt
        FROM mitarbeiter m
        INNER JOIN abteilungen a ON m.abteilung_id = a.abteilung_id
        GROUP BY a.abteilungsname
    ) AS abteilungs_gehaelter
    WHERE avg_gehalt > 60000
    ORDER BY avg_gehalt DESC;
    ```

    ```{.cmd .no-copy title="Output"}
          abteilung      |     avg_gehalt
    ---------------------+--------------------
     Qualitaetssicherung | 70000.000000000000
     Entwicklung         | 68666.666666666667
     Verwaltung          | 62000.00000000000
    (3 rows)
    ```

???+ warning "Wichtig"
    Die Unterabfrage **muss einen Alias** haben (hier: `AS abteilungs_gehaelter`)!

---

## String-Funktionen

SQL bietet viele Funktionen zur Textverarbeitung. Diese sind besonders n√ºtzlich, um Daten zu bereinigen, zu formatieren oder f√ºr Reports aufzubereiten. Ob wir Texte zusammenf√ºgen, Gro√ü-/Kleinschreibung √§ndern oder Teile eines Strings extrahieren m√∂chten - f√ºr fast jede Anforderung gibt es eine passende Funktion.

Die wichtigsten String-Funktionen sind nachfolgend aufgelistet:

<div style="text-align:center; max-width:900px; margin:16px auto;">
<table role="table" 
       style="width:100%; border-collapse:separate; border-spacing:0; border:1px solid #cfd8e3; border-radius:10px; overflow:hidden; font-family:system-ui,sans-serif;">
    <thead>
    <tr style="background:#009485; color:#fff;">
        <th style="text-align:left; padding:12px 14px; font-weight:700;">Funktion</th>
        <th style="text-align:left; padding:12px 14px; font-weight:700;">Beschreibung</th>
        <th style="text-align:left; padding:12px 14px; font-weight:700;">Beispiel</th>
    </tr>
    </thead>
    <tbody>
    <tr>
        <td style="background:#00948511; padding:10px 14px;"><code>CONCAT(s1, s2, ...)</code></td>
        <td style="padding:10px 14px;">Strings zusammenf√ºgen</td>
        <td style="padding:10px 14px;"><code>CONCAT('Max', ' ', 'M√ºller')</code> ‚Üí 'Max M√ºller'</td>
    </tr>
    <tr>
        <td style="background:#00948511; padding:10px 14px;"><code>UPPER(s)</code></td>
        <td style="padding:10px 14px;">In Gro√übuchstaben</td>
        <td style="padding:10px 14px;"><code>UPPER('Anna')</code> ‚Üí 'ANNA'</td>
    </tr>
    <tr>
        <td style="background:#00948511; padding:10px 14px;"><code>LOWER(s)</code></td>
        <td style="padding:10px 14px;">In Kleinbuchstaben</td>
        <td style="padding:10px 14px;"><code>LOWER('LISA')</code> ‚Üí 'lisa'</td>
    </tr>
    <tr>
        <td style="background:#00948511; padding:10px 14px;"><code>SUBSTRING(s, start, len)</code></td>
        <td style="padding:10px 14px;">Teil eines Strings</td>
        <td style="padding:10px 14px;"><code>SUBSTRING('Hallo', 1, 3)</code> ‚Üí 'Hal'</td>
    </tr>
    <tr>
        <td style="background:#00948511; padding:10px 14px;"><code>LENGTH(s)</code></td>
        <td style="padding:10px 14px;">L√§nge eines Strings</td>
        <td style="padding:10px 14px;"><code>LENGTH('Hallo')</code> ‚Üí 5</td>
    </tr>
    <tr>
        <td style="background:#00948511; padding:10px 14px;"><code>TRIM(s)</code></td>
        <td style="padding:10px 14px;">Leerzeichen entfernen</td>
        <td style="padding:10px 14px;"><code>TRIM('  Hi  ')</code> ‚Üí 'Hi'</td>
    </tr>
    <tr>
        <td style="background:#00948511; padding:10px 14px;"><code>REPLACE(s, von, zu)</code></td>
        <td style="padding:10px 14px;">Text ersetzen</td>
        <td style="padding:10px 14px;"><code>REPLACE('Hallo', 'a', 'e')</code> ‚Üí 'Hello'</td>
    </tr>
    </tbody>
</table>
</div>

Nun schauen wir uns an, wie wir diese String-Funktionen in der Praxis einsetzen k√∂nnen. Die folgenden Beispiele zeigen typische Anwendungsf√§lle aus dem Alltag:


???+ example "Vollst√§ndiger Name"
    ```sql
    -- Vollst√§ndiger Name aus Vor- und Nachname
    SELECT
        CONCAT(vorname, ' ', nachname) AS vollstaendiger_name,
        email
    FROM mitarbeiter;
    ```

    ```{.cmd .no-copy title="Output"}
     vollstaendiger_name |           email
    ---------------------+---------------------------
     Thomas Mueller      | thomas.mueller@firma.de
     Sandra Schmidt      | sandra.schmidt@firma.de
     Klaus Weber         | klaus.weber@firma.de
     Anna Fischer        | anna.fischer@firma.de
     Michael Becker      | michael.becker@firma.de
     Julia Wagner        | julia.wagner@firma.de
     Peter Hoffmann      | peter.hoffmann@firma.de
     Lisa Schulz         | lisa.schulz@firma.de
     Martin Koch         | martin.koch@firma.de
     Sarah Zimmermann    | sarah.zimmermann@firma.de
    (10 rows)
    ```

    **Erkl√§rung:** Wir f√ºgen Vor- und Nachname mit einem Leerzeichen zusammen zu einem vollst√§ndigen Namen.

    ??? code "Weitere Beispiele"

        ???+ example "Kombination mehrerer Funktionen"

            ```sql
            -- Mitarbeiter-Codes generieren (Format: INITIALEN-JAHR-ID)
            SELECT
                vorname,
                nachname,
                CONCAT(
                    UPPER(SUBSTRING(vorname, 1, 1)),
                    UPPER(SUBSTRING(nachname, 1, 1)),
                    '-',
                    EXTRACT(YEAR FROM eintrittsdatum),
                    '-',
                    LPAD(mitarbeiter_id::TEXT, 3, '0')
                ) AS mitarbeitercode
            FROM mitarbeiter
            ORDER BY mitarbeiter_id;
            ```

            ```{.cmd .no-copy title="Output"}
             vorname |  nachname  | mitarbeitercode
            ---------+------------+-----------------
             Thomas  | Mueller    | TM-2018-001
             Sandra  | Schmidt    | SS-2019-002
             Klaus   | Weber      | KW-2015-003
             Anna    | Fischer    | AF-2020-004
             Michael | Becker     | MB-2021-005
             Julia   | Wagner     | JW-2017-006
             Peter   | Hoffmann   | PH-2022-007
             Lisa    | Schulz     | LS-2016-008
             Martin  | Koch       | MK-2023-009
             Sarah   | Zimmermann | SZ-2019-010
            (10 rows)
            ```

            **Erkl√§rung:** Wir generieren einen Mitarbeitercode. Die Initialen (erster Buchstabe von Vor- und Nachname) werden in Gro√übuchstaben umgewandelt, das Eintrittsjahr und die ID (mit Nullen aufgef√ºllt auf 3 Stellen) werden angeh√§ngt.

Mit diesen String-Funktionen k√∂nnen wir also sehr einfach und effizient Texte verarbeiten und formatieren und m√ºssen dies nicht in der Anwendungsschicht tun. Und wie sieht es bei Daten im Datumsformat aus?

---

## Datumsfunktionen

PostgreSQL bietet auch - neben den String-Funktionen - umfangreiche Funktionen f√ºr Datum und Zeit. Die Arbeit mit Datums- und Zeitwerten ist in vielen Anwendungen zentral - sei es f√ºr Protokolle, Zeitstempel, Berechnungen von Zeitr√§umen oder f√ºr zeitbasierte Analysen. Mit den Datumsfunktionen k√∂nnen wir das aktuelle Datum abrufen, Teile eines Datums extrahieren oder Zeitdifferenzen berechnen. Die wichtigsten Datumsfunktionen sind nachfolgend aufgelistet:

<div style="text-align:center; max-width:900px; margin:16px auto;">
<table role="table" 
       style="width:100%; border-collapse:separate; border-spacing:0; border:1px solid #cfd8e3; border-radius:10px; overflow:hidden; font-family:system-ui,sans-serif;">
    <thead>
    <tr style="background:#009485; color:#fff;">
        <th style="text-align:left; padding:12px 14px; font-weight:700;">Funktion</th>
        <th style="text-align:left; padding:12px 14px; font-weight:700;">Beschreibung</th>
        <th style="text-align:left; padding:12px 14px; font-weight:700;">Beispiel</th>
    </tr>
    </thead>
    <tbody>
    <tr>
        <td style="background:#00948511; padding:10px 14px;"><code>CURRENT_DATE</code></td>
        <td style="padding:10px 14px;">Heutiges Datum</td>
        <td style="padding:10px 14px;"><code>2024-03-15</code></td>
    </tr>
    <tr>
        <td style="background:#00948511; padding:10px 14px;"><code>CURRENT_TIME</code></td>
        <td style="padding:10px 14px;">Aktuelle Uhrzeit</td>
        <td style="padding:10px 14px;"><code>14:30:00</code></td>
    </tr>
    <tr>
        <td style="background:#00948511; padding:10px 14px;"><code>NOW()</code></td>
        <td style="padding:10px 14px;">Datum und Zeit</td>
        <td style="padding:10px 14px;"><code>2024-03-15 14:30:00</code></td>
    </tr>
    <tr>
        <td style="background:#00948511; padding:10px 14px;"><code>EXTRACT(teil FROM datum)</code></td>
        <td style="padding:10px 14px;">Jahr, Monat, Tag extrahieren</td>
        <td style="padding:10px 14px;"><code>EXTRACT(YEAR FROM datum)</code></td>
    </tr>
    <tr>
        <td style="background:#00948511; padding:10px 14px;"><code>AGE(datum1, datum2)</code></td>
        <td style="padding:10px 14px;">Zeitunterschied</td>
        <td style="padding:10px 14px;"><code>AGE('2024-01-01', '2020-01-01')</code></td>
    </tr>
    </tbody>
</table>
</div>

Nun wollen wir uns praktische Anwendungsf√§lle ansehen. Unsere Mitarbeitertabelle enth√§lt bereits die Felder `eintrittsdatum` und `geburtstag`, mit denen wir arbeiten k√∂nnen. 

???+ example "EXTRACT & AGE - Betriebszugeh√∂rigkeit"

    ```sql
    -- Betriebszugeh√∂rigkeit in Jahren berechnen
    SELECT
        vorname,
        nachname,
        eintrittsdatum,
        EXTRACT(YEAR FROM AGE(CURRENT_DATE, eintrittsdatum)) AS jahre_im_unternehmen
    FROM mitarbeiter
    ORDER BY jahre_im_unternehmen DESC;
    ```

    ```{.cmd .no-copy title="Output"}
     vorname |  nachname  | eintrittsdatum | jahre_im_unternehmen
    ---------+------------+----------------+----------------------
     Klaus   | Weber      | 2015-01-10     |                   10
     Lisa    | Schulz     | 2016-08-12     |                    9
     Julia   | Wagner     | 2017-11-20     |                    8
     Thomas  | Mueller    | 2018-03-15     |                    7
     Sandra  | Schmidt    | 2019-07-01     |                    6
     Sarah   | Zimmermann | 2019-04-20     |                    6
     Anna    | Fischer    | 2020-09-01     |                    5
     Michael | Becker     | 2021-02-15     |                    4
     Peter   | Hoffmann   | 2022-05-01     |                    3
     Martin  | Koch       | 2023-01-15     |                    2
    (10 rows)
    ```

    **Erkl√§rung:** Wir berechnen die Betriebszugeh√∂rigkeit in Jahren, indem wir die Differenz zwischen dem aktuellen Datum und dem Eintrittsdatum berechnen. `AGE` gibt die Zeitdifferenz zur√ºck, aus der wir mit `EXTRACT(YEAR ...)` die Jahre extrahieren.

    ??? code "Weitere Beispiele"

        ???+ example "Mitarbeiter, die diesen Monat Geburtstag haben"

            ```sql
            -- Mitarbeiter, die diesen Monat Geburtstag haben
            SELECT
                vorname,
                nachname,
                geburtstag,
                EXTRACT(YEAR FROM AGE(CURRENT_DATE, geburtstag)) AS alter
            FROM mitarbeiter
            WHERE EXTRACT(MONTH FROM geburtstag) = EXTRACT(MONTH FROM CURRENT_DATE)
            ORDER BY EXTRACT(DAY FROM geburtstag);
            ```

            ```{.cmd .no-copy title="Output"}
            vorname |  nachname  | geburtstag | alter
            ---------+------------+------------+-------
            Sandra  | Schmidt    | 1987-11-12 |    38
            (1 row)
            ```

            **Erkl√§rung:** Wir filtern Mitarbeiter, deren Geburtsmonat mit dem aktuellen Monat √ºbereinstimmt. Zus√§tzlich berechnen wir das Alter und sortieren nach dem Geburtstag im Monat.


---

## `CASE WHEN` - Bedingte Logik

Mit `CASE WHEN` k√∂nnen wir bedingte Logik direkt in SQL einbauen ‚Äì √§hnlich wie `if-else` in Programmiersprachen. Dies ist besonders n√ºtzlich, um Daten zu kategorisieren, Berechnungen basierend auf Bedingungen durchzuf√ºhren oder benutzerdefinierte Ausgaben zu erzeugen. Statt die Logik in der Anwendungsschicht zu implementieren, k√∂nnen wir sie direkt in der Datenbankabfrage unterbringen, was oft effizienter und lesbarer ist.
Der allgemeine Syntax ist wie folgt:

```sql { .yaml .no-copy }
CASE
    WHEN bedingung1 THEN ergebnis1
    WHEN bedingung2 THEN ergebnis2
    ELSE standard_ergebnis
END
```

Bei der Verwendung von `CASE` k√∂nnen wir beliebig viele Bedingungen angeben und ein Standardergebnis festlegen, das verwendet wird, wenn keine der Bedingungen erf√ºllt ist. Betrachten wir das wieder anhand eines praktischen Beispiels.

???+ example "Gehaltsstufen kategorisieren"
    ```sql
    SELECT
        vorname,
        nachname,
        gehalt,
        CASE
            WHEN gehalt >= 70000 THEN 'Senior'
            WHEN gehalt >= 60000 THEN 'Mid-Level'
            WHEN gehalt >= 50000 THEN 'Junior'
            ELSE 'Einsteiger'
        END AS gehaltsstufe
    FROM mitarbeiter
    ORDER BY gehalt DESC;
    ```

    ```{.cmd .no-copy title="Output"}
     vorname |  nachname  |  gehalt  | gehaltsstufe
    ---------+------------+----------+--------------
     Sandra  | Schmidt    | 72000.00 | Senior
     Lisa    | Schulz     | 70000.00 | Senior
     Anna    | Fischer    | 68000.00 | Mid-Level
     Sarah   | Zimmermann | 66000.00 | Mid-Level
     Thomas  | Mueller    | 65000.00 | Mid-Level
     Julia   | Wagner     | 62000.00 | Mid-Level
     Klaus   | Weber      | 58000.00 | Junior
     Michael | Becker     | 55000.00 | Junior
     Peter   | Hoffmann   | 51000.00 | Junior
     Martin  | Koch       | 48000.00 | Einsteiger
    (10 rows)
    ```

    **Erkl√§rung:** Wir kategorisieren Mitarbeiter nach ihrem Gehalt in Gehaltsstufen: Senior (‚â•70.000‚Ç¨), Mid-Level (‚â•60.000‚Ç¨), Junior (‚â•50.000‚Ç¨) oder Einsteiger (<50.000‚Ç¨).


### CASE in Aggregationen

CASE WHEN kann auch innerhalb von [Aggregatfunktionen](abfragen.md#aggregatfunktionen-daten-zusammenfassen) verwendet werden, um selektive Z√§hlungen durchzuf√ºhren. Dies ist besonders n√ºtzlich f√ºr Auswertungen und Berichte:

???+ example "Mitarbeiter pro Gehaltsstufe"

    ```sql
    -- Wie viele Mitarbeiter gibt es pro Gehaltsstufe?
    SELECT
        COUNT(CASE WHEN gehalt >= 70000 THEN 1 END) AS senior,
        COUNT(CASE WHEN gehalt >= 60000 AND gehalt < 70000 THEN 1 END) AS mid_level,
        COUNT(CASE WHEN gehalt >= 50000 AND gehalt < 60000 THEN 1 END) AS junior,
        COUNT(CASE WHEN gehalt < 50000 THEN 1 END) AS einsteiger,
        COUNT(*) AS gesamt
    FROM mitarbeiter;
    ```

    ```{.cmd .no-copy title="Output"}
     senior | mid_level | junior | einsteiger | gesamt
    --------+-----------+--------+------------+--------
          2 |         4 |      3 |          1 |     10
    (1 row)
    ```

    **Erkl√§rung:** Wir z√§hlen die Mitarbeiter pro Gehaltsstufe. Dies ist besonders n√ºtzlich f√ºr HR-Berichte und Gehaltsanalysen.
---

## COALESCE - NULL-Werte behandeln

**COALESCE** gibt den ersten **nicht-NULL-Wert** aus einer Liste zur√ºck. Diese Funktion ist extrem n√ºtzlich im Umgang mit NULL-Werten, die in Datenbanken h√§ufig vorkommen. Statt komplizierte CASE-WHEN-Konstrukte zu schreiben oder NULL-Werte in der Anwendung zu behandeln, bietet COALESCE eine elegante und lesbare L√∂sung, um Standardwerte f√ºr fehlende Daten bereitzustellen. Der Allgemeine Syntax ist wie folgt:

```sql { .yaml .no-copy }
COALESCE(wert1, wert2, wert3, ..., standard)
```

Wir sehen, dass wir mehrere Werte (im Normalfall Funktionen oder andere Spaltenwerte) angeben k√∂nnen und der erste nicht-NULL-Wert wird zur√ºckgegeben. Wenn alle Werte NULL sind, wird der Standardwert zur√ºckgegeben. Betrachten wir wieder ein praktisches Beispiel. 

???+ example "Bonuszahlungen mit Standardwert"
    ```sql
    -- Gesamtverg√ºtung inklusive Bonus (NULL-Bonuswerte als 0 behandeln)
    SELECT
        vorname,
        nachname,
        gehalt,
        bonus,
        COALESCE(bonus, 0) AS bonus_bereinigt,
        gehalt + COALESCE(bonus, 0) AS gesamtverguetung
    FROM mitarbeiter
    ORDER BY gesamtverguetung DESC;
    ```

    ```{.cmd .no-copy title="Output"}
     vorname |  nachname  |  gehalt  |  bonus  | bonus_bereinigt | gesamtverguetung
    ---------+------------+----------+---------+-----------------+------------------
     Sandra  | Schmidt    | 72000.00 | 6000.00 |         6000.00 |         78000.00
     Lisa    | Schulz     | 70000.00 | 7000.00 |         7000.00 |         77000.00
     Anna    | Fischer    | 68000.00 | 4500.00 |         4500.00 |         72500.00
     Sarah   | Zimmermann | 66000.00 | 5500.00 |         5500.00 |         71500.00
     Thomas  | Mueller    | 65000.00 | 5000.00 |         5000.00 |         70000.00
     Julia   | Wagner     | 62000.00 |         |               0 |         62000.00
     Michael | Becker     | 55000.00 | 3000.00 |         3000.00 |         58000.00
     Klaus   | Weber      | 58000.00 |         |               0 |         58000.00
     Peter   | Hoffmann   | 51000.00 | 2000.00 |         2000.00 |         53000.00
     Martin  | Koch       | 48000.00 |         |               0 |         48000.00
    (10 rows)
    ```

    **Erkl√§rung:** `COALESCE(bonus, 0)` ersetzt NULL-Werte in der Bonus-Spalte durch 0. Dadurch k√∂nnen wir problemlos die Gesamtverg√ºtung berechnen, ohne dass NULL-Werte die Berechnung st√∂ren. 

---

## Mathematische Funktionen

Neben String- und Datumsfunktionen bietet SQL auch eine Vielzahl mathematischer Funktionen f√ºr numerische Werte. Diese sind besonders n√ºtzlich f√ºr Berechnungen, Rundungen und statistische Auswertungen direkt in der Datenbank.

<div style="text-align:center; max-width:900px; margin:16px auto;">
<table role="table" 
       style="width:100%; border-collapse:separate; border-spacing:0; border:1px solid #cfd8e3; border-radius:10px; overflow:hidden; font-family:system-ui,sans-serif;">
    <thead>
    <tr style="background:#009485; color:#fff;">
        <th style="text-align:left; padding:12px 14px; font-weight:700;">Funktion</th>
        <th style="text-align:left; padding:12px 14px; font-weight:700;">Beschreibung</th>
        <th style="text-align:left; padding:12px 14px; font-weight:700;">Beispiel</th>
    </tr>
    </thead>
    <tbody>
    <tr>
        <td style="background:#00948511; padding:10px 14px;"><code>ROUND(x, n)</code></td>
        <td style="padding:10px 14px;">Runden auf n Nachkommastellen</td>
        <td style="padding:10px 14px;"><code>ROUND(3.14159, 2)</code> ‚Üí 3.14</td>
    </tr>
    <tr>
        <td style="background:#00948511; padding:10px 14px;"><code>CEIL(x)</code></td>
        <td style="padding:10px 14px;">Aufrunden</td>
        <td style="padding:10px 14px;"><code>CEIL(3.2)</code> ‚Üí 4</td>
    </tr>
    <tr>
        <td style="background:#00948511; padding:10px 14px;"><code>FLOOR(x)</code></td>
        <td style="padding:10px 14px;">Abrunden</td>
        <td style="padding:10px 14px;"><code>FLOOR(3.8)</code> ‚Üí 3</td>
    </tr>
    <tr>
        <td style="background:#00948511; padding:10px 14px;"><code>ABS(x)</code></td>
        <td style="padding:10px 14px;">Absolutwert</td>
        <td style="padding:10px 14px;"><code>ABS(-5)</code> ‚Üí 5</td>
    </tr>
    <tr>
        <td style="background:#00948511; padding:10px 14px;"><code>POWER(x, y)</code></td>
        <td style="padding:10px 14px;">x hoch y</td>
        <td style="padding:10px 14px;"><code>POWER(2, 3)</code> ‚Üí 8</td>
    </tr>
    <tr>
        <td style="background:#00948511; padding:10px 14px;"><code>SQRT(x)</code></td>
        <td style="padding:10px 14px;">Quadratwurzel</td>
        <td style="padding:10px 14px;"><code>SQRT(16)</code> ‚Üí 4</td>
    </tr>
    </tbody>
</table>
</div>

Ein h√§ufiger Anwendungsfall f√ºr mathematische Funktionen ist das Runden von Berechnungsergebnissen f√ºr eine √ºbersichtliche Darstellung:

???+ example "Gehaltsberechnungen runden"

    ```sql
    -- Durchschnittsgehalt pro Abteilung gerundet
    SELECT
        a.abteilungsname,
        COUNT(m.mitarbeiter_id) AS anzahl_mitarbeiter,
        ROUND(AVG(m.gehalt), 2) AS durchschnittsgehalt,
        ROUND(MIN(m.gehalt), 2) AS min_gehalt,
        ROUND(MAX(m.gehalt), 2) AS max_gehalt
    FROM abteilungen a
    LEFT JOIN mitarbeiter m ON a.abteilung_id = m.abteilung_id
    GROUP BY a.abteilungsname
    ORDER BY durchschnittsgehalt DESC;
    ```

    ```{.cmd .no-copy title="Output"}
       abteilungsname    | anzahl_mitarbeiter | durchschnittsgehalt | min_gehalt | max_gehalt
    ---------------------+--------------------+---------------------+------------+------------
     Forschung           |                  0 |                     |            |
     Qualitaetssicherung |                  1 |            70000.00 |   70000.00 |   70000.00
     Entwicklung         |                  3 |            68666.67 |   66000.00 |   72000.00
     Verwaltung          |                  1 |            62000.00 |   62000.00 |   62000.00
     Produktion          |                  3 |            57000.00 |   48000.00 |   65000.00
     Vertrieb            |                  2 |            53000.00 |   51000.00 |   55000.00
    (6 rows)
    ```

    **Erkl√§rung:** Mit `ROUND()` k√∂nnen wir Berechnungsergebnisse auf 2 Nachkommastellen runden f√ºr eine √ºbersichtliche Darstellung in HR-Berichten. 

---

## √úbung ‚úçÔ∏è

Nun wenden wir die **fortgeschrittenen SQL-Techniken** auf unser **TecGuy GmbH Produktionsplanungssystem** an! Die √úbungen decken Unterabfragen, String-/Datumsfunktionen, CASE WHEN, COALESCE und komplexe Analysen ab.

Im vorherigen Kapitel haben wir **JOINs** gelernt. Jetzt erweitern wir unser Wissen mit **Subqueries, String-/Date-Funktionen und bedingter Logik**.

---
???+ info "√úbungsvorbereitung - Datenbank zur√ºcksetzen"

    Falls du das vorherige Kapitel nicht abgeschlossen hast oder neu starten m√∂chtest,
    f√ºhre dieses Setup aus. Es l√∂scht alle bestehenden Daten und erstellt den
    korrekten Ausgangszustand f√ºr dieses Kapitel.

    ??? code "Setup"

        ```sql
        -- Zu anderer Datenbank wechseln
        \c postgres
        
        -- Zur Datenbank wechseln (oder neu erstellen)
        DROP DATABASE IF EXISTS produktionsplanung_db;
        CREATE DATABASE produktionsplanung_db;
        \c produktionsplanung_db

        -- 1. Tabelle f√ºr Maschinen erstellen
        CREATE TABLE maschinen (
            maschinen_id INTEGER PRIMARY KEY,
            maschinenname VARCHAR(100),
            maschinentyp VARCHAR(50),
            produktionshalle VARCHAR(50),
            anschaffungsjahr INTEGER,
            maschinenstatus VARCHAR(20),
            wartungsintervall_tage INTEGER
        );

        -- 2. Tabelle f√ºr Produktionsauftr√§ge erstellen (MIT FK-Constraint)
        CREATE TABLE produktionsauftraege (
            auftrag_id INTEGER PRIMARY KEY,
            auftragsnummer VARCHAR(20),
            kunde VARCHAR(100),
            produkt VARCHAR(100),
            menge INTEGER,
            startdatum DATE,
            lieferdatum DATE,
            status VARCHAR(20),
            maschinen_id INTEGER,
            FOREIGN KEY (maschinen_id) REFERENCES maschinen(maschinen_id)
                ON DELETE RESTRICT
        );

        -- 3. Tabelle f√ºr Wartungsprotokolle erstellen (MIT FK-Constraint)
        CREATE TABLE wartungsprotokolle (
            wartungs_id SERIAL PRIMARY KEY,
            wartungsdatum DATE NOT NULL,
            beschreibung TEXT,
            techniker VARCHAR(100),
            kosten NUMERIC(10, 2),
            maschinen_id INTEGER NOT NULL,
            FOREIGN KEY (maschinen_id) REFERENCES maschinen(maschinen_id)
                ON DELETE CASCADE
        );

        -- 4. Tabelle f√ºr Ersatzteile erstellen
        CREATE TABLE ersatzteile (
            teil_id SERIAL PRIMARY KEY,
            teilename VARCHAR(100) NOT NULL,
            hersteller VARCHAR(100),
            preis NUMERIC(10, 2)
        );

        -- 5. Junction Table f√ºr n:m Beziehung (Maschinen ‚Üî Ersatzteile)
        CREATE TABLE maschinen_ersatzteile (
            zuordnung_id SERIAL PRIMARY KEY,
            maschinen_id INTEGER NOT NULL,
            teil_id INTEGER NOT NULL,
            benoetigte_anzahl INTEGER DEFAULT 1,
            FOREIGN KEY (maschinen_id) REFERENCES maschinen(maschinen_id)
                ON DELETE CASCADE,
            FOREIGN KEY (teil_id) REFERENCES ersatzteile(teil_id)
                ON DELETE CASCADE
        );

        -- Maschinen-Daten einf√ºgen
        INSERT INTO maschinen VALUES
        (1, 'CNC-Fraese Alpha', 'CNC-Fraese', 'Halle A', 2020, 'Aktiv', 90),
        (2, 'Drehbank Delta', 'Drehbank', 'Halle A', 2018, 'Aktiv', 120),
        (3, 'Presse Gamma', 'Presse', 'Halle B', 2019, 'Aktiv', 60),
        (4, 'Schweissroboter Beta', 'Schweissroboter', 'Halle C', 2021, 'Aktiv', 90);

        -- Produktionsauftr√§ge-Daten einf√ºgen
        INSERT INTO produktionsauftraege VALUES
        (1, 'AUF-2024-001', 'BMW AG', 'Getriebegeh√§use', 500, '2024-04-01', '2024-04-15', 'In Produktion', 1),
        (2, 'AUF-2024-002', 'Audi AG', 'Kurbelwelle', 200, '2024-04-10', '2024-04-20', 'In Produktion', 2),
        (3, 'AUF-2024-003', 'Mercedes-Benz', 'Pleuelstange', 350, '2024-04-05', '2024-04-18', 'In Produktion', 2),
        (4, 'AUF-2024-004', 'Porsche AG', 'Kolben', 150, '2024-04-12', '2024-04-25', 'In Vorbereitung', 4),
        (5, 'AUF-2024-005', 'BMW AG', 'Kurbelwelle', 300, '2024-04-15', '2024-04-22', 'In Produktion', 2),
        (6, 'AUF-2024-006', 'Volkswagen AG', 'Kolben', 400, '2024-04-20', '2024-04-28', 'In Vorbereitung', 1),
        (7, 'AUF-2024-009', 'Porsche AG', 'Kurbelwelle', 120, '2024-04-28', '2024-05-05', 'In Vorbereitung', 2),
        (8, 'AUF-2024-010', 'BMW AG', 'Kolben', 350, '2024-04-12', '2024-04-19', 'In Produktion', 4);

        -- Wartungsprotokolle-Daten einf√ºgen
        INSERT INTO wartungsprotokolle (wartungsdatum, beschreibung, techniker, kosten, maschinen_id)
        VALUES
        ('2024-01-15', 'Routinewartung - Oelwechsel', 'M. Schneider', 250.00, 1),
        ('2024-02-10', 'Reparatur Spindelmotor', 'L. Weber', 850.00, 1),
        ('2024-01-20', 'Routinewartung - Kalibrierung', 'M. Schneider', 180.00, 2),
        ('2024-03-05', 'Austausch Keilriemen', 'L. Weber', 120.00, 2);

        -- Ersatzteile-Daten einf√ºgen
        INSERT INTO ersatzteile (teilename, hersteller, preis)
        VALUES
        ('Spindelmotor 5kW', 'MotorTech GmbH', 1850.00),
        ('Kuehlmittelpumpe', 'PumpCo AG', 320.50),
        ('Linearfuehrung 500mm', 'Precision Parts', 680.00),
        ('Werkzeughalter ISO40', 'ToolSupply GmbH', 145.00),
        ('Drehfutter 250mm', 'ChuckMaster', 890.00);

        -- Maschinen-Ersatzteile Zuordnungen einf√ºgen
        INSERT INTO maschinen_ersatzteile (maschinen_id, teil_id, benoetigte_anzahl)
        VALUES
        (1, 1, 1),  -- CNC-Fraese braucht 1x Spindelmotor
        (1, 2, 2),  -- CNC-Fraese braucht 2x Kuehlmittelpumpe
        (1, 3, 4),  -- CNC-Fraese braucht 4x Linearfuehrung
        (1, 4, 6),  -- CNC-Fraese braucht 6x Werkzeughalter
        (2, 2, 1),  -- Drehbank braucht 1x Kuehlmittelpumpe
        (2, 5, 1);  -- Drehbank braucht 1x Drehfutter
        ```

        **Hinweis:** Alle Foreign Key Constraints sind aktiv. Die Tabellen sind nun vollst√§ndig verkn√ºpft!

---

???+ question "Aufgabe 1: Unterabfragen - √úberdurchschnittliche Wartungskosten"

    Finde alle Wartungen, die teurer waren als die durchschnittlichen Wartungskosten.

    **Anforderungen:**

    - Zeige: Maschinennamen (mit JOIN), Wartungsdatum, Beschreibung, Kosten
    - Nur Wartungen √ºber dem Durchschnitt
    - Sortiere nach Kosten absteigend


???+ question "Aufgabe 2: IN - Maschinen mit bestimmten Ersatzteilen"

    Finde alle Maschinen, die entweder Spindelmotoren oder K√ºhlmittelpumpen ben√∂tigen.

    **Anforderungen:**

    - Verwende IN mit Unterabfrage
    - Zeige: Maschinenname, Maschinentyp
    - Keine Duplikate (DISTINCT)


???+ question "Aufgabe 3: EXISTS - Maschinen mit Wartungsprotokollen"

    Finde alle Maschinen, die mindestens eine Wartung haben.

    **Anforderungen:**

    - Verwende EXISTS
    - Zeige: Maschinenname, Maschinentyp, Anzahl Wartungen
    - Sortiere nach Anzahl Wartungen absteigend


???+ question "Aufgabe 4: String-Funktionen - Maschinencodes generieren"

    Erstelle Maschinencodes im Format: `TYP-ID` (z.B. "CNC-001")

    **Anforderungen:**

    - Erste 3 Buchstaben des Maschinentyps in Gro√übuchstaben
    - Maschinen-ID mit f√ºhrenden Nullen auf 3 Stellen
    - Verwende: UPPER, SUBSTRING, LPAD


???+ question "Aufgabe 5: Datumsfunktionen - Wartungsalter"

    Berechne, wie viele Tage seit der letzten Wartung jeder Maschine vergangen sind. Zeige nur Maschinen, die l√§nger als 90 Tage keine Wartung hatten.

    **Anforderungen:**

    - Berechne Tage seit letzter Wartung mit CURRENT_DATE
    - Filtere: Nur Maschinen mit letzter Wartung > 90 Tage
    - Zeige auch Maschinen ohne Wartungen
    - Sortiere nach Tagen absteigend


???+ question "Aufgabe 6: CASE WHEN - Produktionsauftragskategorien"

    Kategorisiere Produktionsauftr√§ge nach Menge: Klein (<200), Mittel (200-400), Gro√ü (>400).

    **Anforderungen:**

    - Verwende CASE WHEN
    - Zeige: Auftragsnummer, Kunde, Produkt, Menge, Kategorie
    - Z√§hle Auftr√§ge pro Kategorie (zweite Abfrage)


???+ question "Aufgabe 7: COALESCE - Wartungsintervalle"

    Zeige alle Maschinen mit ihrem Wartungsintervall. Falls NULL, zeige "Nicht definiert".

    **Anforderungen:**

    - Verwende COALESCE f√ºr wartungsintervall_tage
    - Zeige: Maschinenname, Wartungsintervall (oder "Nicht definiert")
    - Berechne n√§chste Wartung basierend auf letzter Wartung + Intervall


---

## Zusammenfassung üìå

Mit den fortgeschrittenen SQL-Techniken aus diesem Kapitel haben wir unser Werkzeugkasten deutlich erweitert. Diese Techniken erlauben es uns, komplexe Abfragen elegant zu formulieren und Daten direkt in der Datenbank zu transformieren und zu analysieren, ohne auf Anwendungslogik zur√ºckgreifen zu m√ºssen.

Die wichtigsten Erkenntnisse:

- **Unterabfragen** erlauben Abfragen innerhalb von Abfragen und machen komplexe Fragestellungen in einem Statement l√∂sbar
- **IN / NOT IN** pr√ºft Mitgliedschaft in einer Menge, aber Achtung bei NULL-Werten
- **EXISTS / NOT EXISTS** pr√ºft, ob eine Unterabfrage Ergebnisse liefert - oft schneller als IN und ohne NULL-Probleme
- **String-Funktionen** (CONCAT, UPPER, LOWER, SUBSTRING, LENGTH, TRIM, REPLACE) zur Textverarbeitung
- **Datumsfunktionen** (CURRENT_DATE, NOW, EXTRACT, AGE) f√ºr zeitbasierte Analysen
- **CASE WHEN** bringt if-else-Logik nach SQL und erm√∂glicht Kategorisierungen
- **COALESCE** behandelt NULL-Werte elegant ohne komplizierte Konstrukte
- **Mathematische Funktionen** (ROUND, CEIL, FLOOR, ABS, POWER, SQRT) f√ºr Berechnungen

---

Im n√§chsten Kapitel lernen wir √ºber **Datenintegrit√§t & Constraints** ‚Äì wie wir sicherstellen, dass nur g√ºltige Daten in unsere Datenbank gelangen! Mit den hier gelernten Techniken k√∂nnen wir nun auch komplexe Abfragen formulieren, doch die Qualit√§t unserer Daten ist ebenso wichtig wie unsere F√§higkeit, sie abzufragen.