# Fortgeschrittene Abfragen

In den vorangegangenen Kapiteln haben wir die Grundlagen von SQL kennengelernt: Vom [Erstellen von Tabellen](relational.md), √ºber das [Abfragen](abfragen.md) und [Manipulieren von Daten](manipulieren.md), bis hin zur [Modellierung von Beziehungen](modellierung.md) und dem [Verkn√ºpfen mehrerer Tabellen mit JOINs](join.md). Die Grundlagen sind gelegt!

Jetzt wird es Zeit f√ºr **fortgeschrittene SQL-Techniken**, die unsere Abfragen noch m√§chtiger machen. Diese Techniken werden uns helfen, komplexe Anfragen elegant zu l√∂sen und unsere Daten auf neue Art und Weise zu analysieren.

In diesem Kapitel lernen wir:

- **Unterabfragen (Subqueries)** ‚Äì Abfragen in Abfragen
- **String-Funktionen** ‚Äì Texte manipulieren
- **Datumsfunktionen** ‚Äì Mit Datum und Zeit arbeiten
- **CASE-WHEN** ‚Äì Bedingte Logik in SQL
- **COALESCE** ‚Äì NULL-Werte elegant behandeln

---

## Unterabfragen

Eine **Unterabfrage** (Subquery) ist eine SELECT-Abfrage **innerhalb** einer anderen Abfrage. Diese Technik erlaubt es uns, komplexe Fragestellungen in einem einzigen SQL-Statement zu l√∂sen, ohne tempor√§re Ergebnisse manuell weiterverarbeiten zu m√ºssen. Unterabfragen sind besonders n√ºtzlich, wenn wir das Ergebnis einer Berechnung direkt in einer anderen Abfrage verwenden m√∂chten.

Um uns dies etwas besser vorstellen zu k√∂nnen, betrachten wir folgendes Beispiel. Stellen wir uns vor, wir haben folgende Frage: 

*Welche Maschinen wurden sp√§ter angeschafft als im Durchschnitt?*

Die Frage an sich ist relativ einfach zu benatworten. Wir k√∂nnen den Durchschnitt der Anschaffungsjahre berechnen und dann die Maschinen filtern, die nach dem Durchschnitt angeschafft wurden. In einem **zweistufigen Vorgehen** k√∂nnte dies so aussehen: 

```sql
-- 1. Durchschnitt berechnen
SELECT AVG(anschaffungsjahr) FROM maschinen;  -- Ergebnis: 2019

-- 2. Dann das Ergebnis manuell verwenden
SELECT name FROM maschinen WHERE anschaffungsjahr > 2019;
```
Sow w√ºrden wir in der ersten Abfrage das Durchschnittsanschaffungsjahr berechnen und in einer zweiten Abfrage schlussendlich das eigentliche Ergebnis erhalten - die Maschinen, die nach dem Durchschnitt angeschafft wurden. 

Da Programmierer von Haus aus faul sind, wollen wir diese Aufgabe nat√ºrlich in einem Schritt l√∂sen. Dazu verwenden wir eine **Unterabfrage**.


```sql
SELECT name, anschaffungsjahr
FROM maschinen
WHERE anschaffungsjahr > (SELECT AVG(anschaffungsjahr) FROM maschinen);
```

Die innere Abfrage `(SELECT AVG(anschaffungsjahr) FROM maschinen)` wird **zuerst** ausgef√ºhrt und liefert einen Wert (z.B. 2019), der dann in der √§u√üeren Abfrage verwendet wird. Das ist der gro√üe Vorteil von Unterabfragen: Wir m√ºssen nicht erst manuell den Durchschnitt berechnen und dann in eine zweite Abfrage einsetzen - SQL erledigt dies automatisch f√ºr uns in einem einzigen Schritt.

---

### `IN` und `NOT IN`

<div style="text-align: center;">
    <img src="https://i.imgflip.com/ac45wn.jpg" alt="IN und NOT IN" style="width:50%; margin-bottom: 1em;">
        <figcaption>Quelle: <a href="https://i.imgflip.com/ac45wn.jpg">imgflip</a></figcaption>
</div>

Eine besondere Art von Unterabfrage sind die **`IN`- und `NOT IN`-Operatoren**. Diese Operatoren erlauben es uns, pr√ºfen zu k√∂nnen, ob ein Wert in einer Menge von Werten (aus einer Unterabfrage) enthalten ist. Dies ist besonders n√ºtzlich, wenn die Unterabfrage mehrere Ergebniszeilen liefert und wir pr√ºfen wollen, ob unser Wert in dieser Liste vorkommt. Statt eines einzelnen Wertes wie beim einfachen Vergleich, gibt die Unterabfrage hier unter Umst√§nden eine ganze Liste von Werten zur√ºck.

Schauen wir uns das ganze wieder anhand eines Beispiels an. Wir m√∂chten gerne wissen, welche Maschinen Spindelmotoren verwenden.


```sql
-- Welche Maschinen ben√∂tigen Spindelmotoren?
SELECT name
FROM maschinen
WHERE maschinen_id IN (
    SELECT maschinen_id
    FROM maschinen_ersatzteile me
    INNER JOIN ersatzteile e ON me.teil_id = e.teil_id
    WHERE e.teilname LIKE '%Spindelmotor%'
);
```
Der Ablauf dieser Abfrage kann man wie folgt beschreiben:

1. Innere Abfrage 
    - verkn√ºpft die Tabellen `maschinen_ersatzteile` und `ersatzteile` √ºber die `teil_id`
    - filtert die Ergebnisse nach `teilname` mit `LIKE '%Spindelmotor%'`
    - liefert eine Liste von `maschinen_id` zur√ºck
2. √Ñu√üere Abfrage 
    - filtert die Maschinen, deren `maschinen_id` in der Liste der der inneren Abfrage ist
    - liefert die Namen der Maschinen zur√ºck


Neben dem `IN`-Operator gibt es auch den `NOT IN`-Operator. Dieser Operator √ºberpr√ºft, ob ein Wert ==NICHT== in einer Menge von Werten (aus einer Unterabfrage) enthalten ist. Das Vorgehen und deren Verwendung ist analog. 

---

### EXISTS und NOT EXISTS

**EXISTS** pr√ºft, ob eine Unterabfrage **mindestens ein Ergebnis** liefert. Im Gegensatz zu `IN`, das die gesamte Ergebnisliste der Unterabfrage durchgeht, stoppt `EXISTS` bereits, sobald das erste passende Ergebnis gefunden wurde. Das macht `EXISTS` oft performanter, besonders bei gro√üen Datenmengen. 

???+ tip "`EXISTS` vs `NOT IN`"
    Ein weiterer Vorteil: `EXISTS` hat keine Probleme mit `NULL`-Werten, die bei `NOT IN` zu unerwartetem Verhalten f√ºhren k√∂nnen.

Betrachten wir die Operatoren wieder anhand von Beispielen: 

<div class="grid cards" markdown>

-   __EXISTS__

    ---

    ???+ example "Beispiel"
        ```sql
        -- Welche Techniker haben mindestens eine zugeordnete Maschine?
        SELECT name
        FROM techniker t
        WHERE EXISTS (
        SELECT 1
            FROM maschinen m
            WHERE m.techniker_id = t.techniker_id
        );
        ```
        
        **Erkl√§rung:** F√ºr jeden Techniker pr√ºft die Unterabfrage, ob es zugeordnete Maschinen gibt. `EXISTS` ist wahr, sobald **mindestens eine Zeile** gefunden wird.

-   __NOT EXISTS__

    ---

    ???+ example "Beispiel"

        ```sql
        -- Techniker OHNE zugeordnete Maschinen
        SELECT name
        FROM techniker t
        WHERE NOT EXISTS (
            SELECT 1
            FROM maschinen m
            WHERE m.techniker_id = t.techniker_id
        );
        ```

        **Erkl√§rung:** F√ºr jeden Techniker pr√ºft die Unterabfrage, ob es keine zugeordnete Maschinen gibt. `NOT EXISTS` ist wahr, sobald **keine Zeile** gefunden wird.


</div>


---

### Unterabfragen in FROM

Man kann eine Unterabfrage auch in der **`FROM`-Klausel** verwenden ‚Äì als w√§re sie eine Tabelle! Diese sogenannten "Derived Tables" oder "Inline Views" sind besonders n√ºtzlich, wenn wir mit aggregierten Daten weiterarbeiten m√∂chten. Da wir in der `WHERE`-Klausel keine Aggregatfunktionen direkt verwenden k√∂nnen, erstellen wir eine Unterabfrage, die die Aggregation durchf√ºhrt, und k√∂nnen dann auf deren Ergebnis filtern.

```sql
-- Durchschnittliche Ersatzteilkosten pro Maschine, aber nur f√ºr Maschinen mit Kosten > 1000
SELECT maschine, avg_kosten
FROM (
    SELECT
        m.name AS maschine,
        AVG(e.preis * me.menge) AS avg_kosten
    FROM maschinen m
    INNER JOIN maschinen_ersatzteile me ON m.maschinen_id = me.maschinen_id
    INNER JOIN ersatzteile e ON me.teil_id = e.teil_id
    GROUP BY m.name
) AS maschinen_kosten
WHERE avg_kosten > 1000;
```

???+ warning "Wichtig"
    Die Unterabfrage **muss einen Alias** haben (hier: `AS maschinen_kosten`)!

---

## String-Funktionen

SQL bietet viele Funktionen zur Textverarbeitung. Diese sind besonders n√ºtzlich, um Daten zu bereinigen, zu formatieren oder f√ºr Reports aufzubereiten. Ob wir Texte zusammenf√ºgen, Gro√ü-/Kleinschreibung √§ndern oder Teile eines Strings extrahieren m√∂chten - f√ºr fast jede Anforderung gibt es eine passende Funktion.

Die wichtigsten String-Funktionen sind nachfolgend aufgelistet:

<div style="text-align:center; max-width:900px; margin:16px auto;">
<table role="table" 
       style="width:100%; border-collapse:separate; border-spacing:0; border:1px solid #cfd8e3; border-radius:10px; overflow:hidden; font-family:system-ui,sans-serif;">
    <thead>
    <tr style="background:#009485; color:#fff;">
        <th style="text-align:left; padding:12px 14px; font-weight:700;">Funktion</th>
        <th style="text-align:left; padding:12px 14px; font-weight:700;">Beschreibung</th>
        <th style="text-align:left; padding:12px 14px; font-weight:700;">Beispiel</th>
    </tr>
    </thead>
    <tbody>
    <tr>
        <td style="background:#00948511; padding:10px 14px;"><code>CONCAT(s1, s2, ...)</code></td>
        <td style="padding:10px 14px;">Strings zusammenf√ºgen</td>
        <td style="padding:10px 14px;"><code>CONCAT('Max', ' ', 'M√ºller')</code> ‚Üí 'Max M√ºller'</td>
    </tr>
    <tr>
        <td style="background:#00948511; padding:10px 14px;"><code>UPPER(s)</code></td>
        <td style="padding:10px 14px;">In Gro√übuchstaben</td>
        <td style="padding:10px 14px;"><code>UPPER('Anna')</code> ‚Üí 'ANNA'</td>
    </tr>
    <tr>
        <td style="background:#00948511; padding:10px 14px;"><code>LOWER(s)</code></td>
        <td style="padding:10px 14px;">In Kleinbuchstaben</td>
        <td style="padding:10px 14px;"><code>LOWER('LISA')</code> ‚Üí 'lisa'</td>
    </tr>
    <tr>
        <td style="background:#00948511; padding:10px 14px;"><code>SUBSTRING(s, start, len)</code></td>
        <td style="padding:10px 14px;">Teil eines Strings</td>
        <td style="padding:10px 14px;"><code>SUBSTRING('Hallo', 1, 3)</code> ‚Üí 'Hal'</td>
    </tr>
    <tr>
        <td style="background:#00948511; padding:10px 14px;"><code>LENGTH(s)</code></td>
        <td style="padding:10px 14px;">L√§nge eines Strings</td>
        <td style="padding:10px 14px;"><code>LENGTH('Hallo')</code> ‚Üí 5</td>
    </tr>
    <tr>
        <td style="background:#00948511; padding:10px 14px;"><code>TRIM(s)</code></td>
        <td style="padding:10px 14px;">Leerzeichen entfernen</td>
        <td style="padding:10px 14px;"><code>TRIM('  Hi  ')</code> ‚Üí 'Hi'</td>
    </tr>
    <tr>
        <td style="background:#00948511; padding:10px 14px;"><code>REPLACE(s, von, zu)</code></td>
        <td style="padding:10px 14px;">Text ersetzen</td>
        <td style="padding:10px 14px;"><code>REPLACE('Hallo', 'a', 'e')</code> ‚Üí 'Hello'</td>
    </tr>
    </tbody>
</table>
</div>

Nun schauen wir uns an, wie wir diese String-Funktionen in der Praxis einsetzen k√∂nnen. Die folgenden Beispiele zeigen typische Anwendungsf√§lle aus dem Alltag:

<div class="grid cards" markdown>

-   __CONCAT__

    ---

    ???+ example "Beispiel"
        ```sql
        -- Vollst√§ndige Maschinenbezeichnung mit Standort
        SELECT
            CONCAT(name, ' (', typ, ')') AS vollstaendige_bezeichnung
        FROM maschinen;
        ```
        
        ```sql title="Tabelle: vollstaendige_bezeichnung" 
               vollstaendige_bezeichnung
        ---------------------------------------
         CNC-Fr√§se Alpha (CNC-Fr√§se)
         Drehbank Beta (Drehbank)
         Schwei√üroboter Gamma (Schwei√üroboter)
         Lackieranlage Delta (Lackieranlage)
         CNC-Fr√§se Epsilon (CNC-Fr√§se)
         Drehbank Zeta (Drehbank)
         Schwei√üroboter Eta (Schwei√üroboter)
         Stanzmaschine Theta (Stanzmaschine)
        (8 rows)
        ```

        **Erkl√§rung:** Wir f√ºgen den Typ in Klammern zur Maschinenbezeichnung hinzu.

-   __Kombination mehrerer Funktionen__

    ---

    ???+ example "Beispiel"

        ```sql
        -- Seriennummern generieren
        SELECT
            CONCAT(
                UPPER(SUBSTRING(typ, 1, 3)),
                '-',
                maschinen_id,
                '-',
                anschaffungsjahr
            ) AS seriennummer
        FROM maschinen;
        ```
        ```sql title="Tabelle: seriennummer" 
         seriennummer
        --------------
         CNC-1-2019
         DRE-2-2021
         SCH-3-2020
         LAC-4-2018
         CNC-5-2022
         DRE-6-2017
         SCH-7-2020
         STA-8-2023
        (8 rows)
        ``` 


        **Erkl√§rung:** Wir generieren eine Seriennummer f√ºr jede Maschine. Die ersten 3 Buchstaben des Maschinentyps werden in Gro√übuchstaben umgewandelt, die Maschinen-ID und das Anschaffungsjahr werden angeh√§ngt.
</div>

Mit diesen String-Funktionen k√∂nnen wir also sehr einfach und effizient Texte verarbeiten und formatieren und m√ºssen dies nicht in der Anwendungsschicht tun. 

---

## Datumsfunktionen

PostgreSQL bietet auch - neben den String-Funktionen - umfangreiche Funktionen f√ºr Datum und Zeit. Die Arbeit mit Datums- und Zeitwerten ist in vielen Anwendungen zentral - sei es f√ºr Protokolle, Zeitstempel, Berechnungen von Zeitr√§umen oder f√ºr zeitbasierte Analysen. Mit den Datumsfunktionen k√∂nnen wir das aktuelle Datum abrufen, Teile eines Datums extrahieren oder Zeitdifferenzen berechnen. Die wichtigsten Datumsfunktionen sind nachfolgend aufgelistet:

<div style="text-align:center; max-width:900px; margin:16px auto;">
<table role="table" 
       style="width:100%; border-collapse:separate; border-spacing:0; border:1px solid #cfd8e3; border-radius:10px; overflow:hidden; font-family:system-ui,sans-serif;">
    <thead>
    <tr style="background:#009485; color:#fff;">
        <th style="text-align:left; padding:12px 14px; font-weight:700;">Funktion</th>
        <th style="text-align:left; padding:12px 14px; font-weight:700;">Beschreibung</th>
        <th style="text-align:left; padding:12px 14px; font-weight:700;">Beispiel</th>
    </tr>
    </thead>
    <tbody>
    <tr>
        <td style="background:#00948511; padding:10px 14px;"><code>CURRENT_DATE</code></td>
        <td style="padding:10px 14px;">Heutiges Datum</td>
        <td style="padding:10px 14px;"><code>2024-03-15</code></td>
    </tr>
    <tr>
        <td style="background:#00948511; padding:10px 14px;"><code>CURRENT_TIME</code></td>
        <td style="padding:10px 14px;">Aktuelle Uhrzeit</td>
        <td style="padding:10px 14px;"><code>14:30:00</code></td>
    </tr>
    <tr>
        <td style="background:#00948511; padding:10px 14px;"><code>NOW()</code></td>
        <td style="padding:10px 14px;">Datum und Zeit</td>
        <td style="padding:10px 14px;"><code>2024-03-15 14:30:00</code></td>
    </tr>
    <tr>
        <td style="background:#00948511; padding:10px 14px;"><code>EXTRACT(teil FROM datum)</code></td>
        <td style="padding:10px 14px;">Jahr, Monat, Tag extrahieren</td>
        <td style="padding:10px 14px;"><code>EXTRACT(YEAR FROM datum)</code></td>
    </tr>
    <tr>
        <td style="background:#00948511; padding:10px 14px;"><code>AGE(datum1, datum2)</code></td>
        <td style="padding:10px 14px;">Zeitunterschied</td>
        <td style="padding:10px 14px;"><code>AGE('2024-01-01', '2020-01-01')</code></td>
    </tr>
    </tbody>
</table>
</div>

Wieder wollen wir uns nun praktische Anwendungsf√§lle ansehen. Zun√§chst erweitern wir unsere Tabelle um ein Installationsdatum, damit wir mit echten Datumswerten arbeiten k√∂nnen.

???+ tip "Erweitern einer Tabelle (ALTER TABLE)"

    Zum erweitern einer Tabelle gibt es den `ALTER TABLE` Befehl. Mit diesem Befehl k√∂nnen wir Spalten zu einer bestehenden Tabelle hinzuf√ºgen, √§ndern oder l√∂schen. Der Syntax ist wie folgt:

    ```sql
    ALTER TABLE tabellenname ADD COLUMN spaltenname typ;
    ```

Um bei unserem Beispiel eine weitere Spalte hinzuzuf√ºgen, k√∂nnen wir den folgenden Befehl verwenden:

???+ example "Beispiel"
    ```sql
    -- Tabelle mit Installationsdatum erweitern
    ALTER TABLE maschinen ADD COLUMN installationsdatum DATE;

    UPDATE maschinen SET installationsdatum = '2019-03-15' WHERE maschinen_id = 1;
    UPDATE maschinen SET installationsdatum = '2021-06-10' WHERE maschinen_id = 2;
    UPDATE maschinen SET installationsdatum = '2020-09-20' WHERE maschinen_id = 3;
    ```

    Damit haben wir eine neue Spalte hinzugef√ºgt und drei bestehende Eintr√§ge mit einem Installationsdatum erweitert. 

Nun wollen wir uns wieder zwei praktische Anwendungsf√§lle ansehen. 

<div class="grid cards" markdown>

-   __EXTRACT__

    ---

    ???+ example "Beispiel"

        ```sql
        -- Betriebsdauer in Jahren berechnen
        SELECT
            name,
            installationsdatum,
            EXTRACT(YEAR FROM AGE(installationsdatum)) AS betriebsjahre
        FROM maschinen;
        ```
        
        ```sql title="Tabelle: Betriebsdauer" 
                 name         | installationsdatum | betriebsjahre
        ----------------------+--------------------+---------------
         Lackieranlage Delta  |                    |
         CNC-Fr√§se Epsilon    |                    |
         Drehbank Zeta        |                    |
         Schwei√üroboter Eta   |                    |
         Stanzmaschine Theta  |                    |
         CNC-Fr√§se Alpha      | 2019-03-15         |             6
         Drehbank Beta        | 2021-06-10         |             4
         Schwei√üroboter Gamma | 2020-09-20         |             5
        (8 rows)       
        ```

        **Erkl√§rung:** Wir berechnen die Betriebsdauer in Jahren, indem wir das Installationsdatum mit dem aktuellen Datum vergleichen und die Differenz in Jahren berechnen. Ohne Angabe eines Referenzdatums f√ºr `AGE` bewirkt, dass das aktuelle Datum als Referenzdatum verwendet wird.

-   __Kombination mehrerer Funktionen__

    ---

    ???+ example "Beispiel"

        ```sql
        -- Maschinen, die diesen Monat installiert wurden (Jahrestag)
        SELECT name, installationsdatum
        FROM maschinen
        WHERE EXTRACT(MONTH FROM installationsdatum) = EXTRACT(MONTH FROM CURRENT_DATE);
        ```

        ```sql title="Tabelle: Neue Maschinen" 
         name | installationsdatum
        ------+--------------------
        (0 rows)
        ``` 


        **Erkl√§rung:** Wir filtern die Maschinen, die in diesem Monat (Jahrestag) installiert wurden, indem wir das Installationsdatum mit dem aktuellen Datum vergleichen.
</div>


---

## CASE WHEN - Bedingte Logik

Mit **CASE WHEN** k√∂nnen wir bedingte Logik direkt in SQL einbauen ‚Äì √§hnlich wie `if-else` in Programmiersprachen. Dies ist besonders n√ºtzlich, um Daten zu kategorisieren, Berechnungen basierend auf Bedingungen durchzuf√ºhren oder benutzerdefinierte Ausgaben zu erzeugen. Statt die Logik in der Anwendungsschicht zu implementieren, k√∂nnen wir sie direkt in der Datenbankabfrage unterbringen, was oft effizienter und lesbarer ist.
Der allgemeine Syntax ist wie folgt:

```sql { .yaml .no-copy }
CASE
    WHEN bedingung1 THEN ergebnis1
    WHEN bedingung2 THEN ergebnis2
    ELSE standard_ergebnis
END
```

Bei der Verwendung von `CASE` k√∂nnen wir beliebig viele Bedingungen angeben und ein Standardergebnis festlegen, das verwendet wird, wenn keine der Bedingungen erf√ºllt ist. Betrachten wir das wieder anhand eines praktischen Beispiels.

???+ example "Wartungs-Priorit√§t"
    ```sql
    SELECT
        name,
        anschaffungsjahr,
        CASE
            WHEN anschaffungsjahr >= 2022 THEN 'Neu - Niedrige Priorit√§t'
            WHEN anschaffungsjahr >= 2020 THEN 'Mittel'
            WHEN anschaffungsjahr >= 2015 THEN 'Alt - Hohe Priorit√§t'
            ELSE 'Sehr alt - Kritisch'
        END AS wartungspriorit√§t
    FROM maschinen;
    ```

    ```sql title="Tabelle: Wartungs-Priorit√§t" 
             name         | anschaffungsjahr |    wartungspriorit√§t
    ----------------------+------------------+--------------------------
     Lackieranlage Delta  |             2018 | Alt - Hohe Priorit√§t
     CNC-Fr√§se Epsilon    |             2022 | Neu - Niedrige Priorit√§t
     Drehbank Zeta        |             2017 | Alt - Hohe Priorit√§t
     Schwei√üroboter Eta   |             2020 | Mittel
     Stanzmaschine Theta  |             2023 | Neu - Niedrige Priorit√§t
     CNC-Fr√§se Alpha      |             2019 | Alt - Hohe Priorit√§t
     Drehbank Beta        |             2021 | Mittel
     Schwei√üroboter Gamma |             2020 | Mittel
    (8 rows)
    ``` 

    **Erkl√§rung:** Wir kategorisieren die Maschinen nach ihrem Anschaffungsjahr in die Kategorien "Neu - Niedrige Priorit√§t", "Mittel" und "Alt - Hohe Priorit√§t". Wenn das Anschaffungsjahr vor 2015 liegt, wird die Kategorie "Sehr alt - Kritisch" verwendet.


### CASE in Aggregationen

CASE WHEN kann auch innerhalb von [Aggregatfunktionen](abfragen.md#aggregatfunktionen-daten-zusammenfassen) verwendet werden, um selektive Z√§hlungen durchzuf√ºhren. Dies ist besonders n√ºtzlich f√ºr Auswertungen und Berichte:

???+ example "Beispiel"

    ```sql
    -- Wie viele Maschinen sind alt und wie viele neu?
    SELECT
        COUNT(CASE WHEN anschaffungsjahr <= 2020 THEN 1 END) AS alt,
        COUNT(CASE WHEN anschaffungsjahr > 2020 THEN 1 END) AS neu,
        COUNT(*) AS gesamt
    FROM maschinen;
    ```

    ```sql title="Tabelle: Alt und Neu" 
     alt | neu | gesamt
    -----+-----+--------
       5 |   3 |      8
    (1 row)
    ``` 

    **Erkl√§rung:** Wir z√§hlen die Maschinen, die vor 2020 angeschafft wurden und die Maschinen, die nach 2020 angeschafft wurden.
---

## COALESCE - NULL-Werte behandeln

**COALESCE** gibt den ersten **nicht-NULL-Wert** aus einer Liste zur√ºck. Diese Funktion ist extrem n√ºtzlich im Umgang mit NULL-Werten, die in Datenbanken h√§ufig vorkommen. Statt komplizierte CASE-WHEN-Konstrukte zu schreiben oder NULL-Werte in der Anwendung zu behandeln, bietet COALESCE eine elegante und lesbare L√∂sung, um Standardwerte f√ºr fehlende Daten bereitzustellen. Der Allgemeine Syntax ist wie folgt:

```sql { .yaml .no-copy }
COALESCE(wert1, wert2, wert3, ..., standard)
```

Wir sehen, dass wir mehrere Werte (im Normalfall Funktionen oder andere Spaltenwerte) angeben k√∂nnen und der erste nicht-NULL-Wert wird zur√ºckgegeben. Wenn alle Werte NULL sind, wird der Standardwert zur√ºckgegeben. Betrachten wir wieder ein praktisches Beispiel. 

???+ example "Beispiel"
    ```sql
    -- Wenn die Maschine defekt ist, wird der Name der Maschine nicht angezeigt
    SELECT 
        name,
        status,
    COALESCE(
        CASE WHEN 
            status = 'Defekt' 
            THEN NULL 
            ELSE name 
            END, 
        'ERROR') AS maschinen_name
    FROM maschinen;
    ```

    ```sql title="Tabelle: Alt und Neu"  hl_lines="5"
             name         | status  |    maschinen_name
    ----------------------+---------+----------------------
     Lackieranlage Delta  | Aktiv   | Lackieranlage Delta
     CNC-Fr√§se Epsilon    | Aktiv   | CNC-Fr√§se Epsilon
     Drehbank Zeta        | Defekt  | ERROR
     Schwei√üroboter Eta   | Aktiv   | Schwei√üroboter Eta
     Stanzmaschine Theta  | Aktiv   | Stanzmaschine Theta
     CNC-Fr√§se Alpha      | Aktiv   | CNC-Fr√§se Alpha
     Drehbank Beta        | Aktiv   | Drehbank Beta
     Schwei√üroboter Gamma | Wartung | Schwei√üroboter Gamma
    (8 rows)
    ``` 

---

## Mathematische Funktionen

Neben String- und Datumsfunktionen bietet SQL auch eine Vielzahl mathematischer Funktionen f√ºr numerische Werte. Diese sind besonders n√ºtzlich f√ºr Berechnungen, Rundungen und statistische Auswertungen direkt in der Datenbank.

<div style="text-align:center; max-width:900px; margin:16px auto;">
<table role="table" 
       style="width:100%; border-collapse:separate; border-spacing:0; border:1px solid #cfd8e3; border-radius:10px; overflow:hidden; font-family:system-ui,sans-serif;">
    <thead>
    <tr style="background:#009485; color:#fff;">
        <th style="text-align:left; padding:12px 14px; font-weight:700;">Funktion</th>
        <th style="text-align:left; padding:12px 14px; font-weight:700;">Beschreibung</th>
        <th style="text-align:left; padding:12px 14px; font-weight:700;">Beispiel</th>
    </tr>
    </thead>
    <tbody>
    <tr>
        <td style="background:#00948511; padding:10px 14px;"><code>ROUND(x, n)</code></td>
        <td style="padding:10px 14px;">Runden auf n Nachkommastellen</td>
        <td style="padding:10px 14px;"><code>ROUND(3.14159, 2)</code> ‚Üí 3.14</td>
    </tr>
    <tr>
        <td style="background:#00948511; padding:10px 14px;"><code>CEIL(x)</code></td>
        <td style="padding:10px 14px;">Aufrunden</td>
        <td style="padding:10px 14px;"><code>CEIL(3.2)</code> ‚Üí 4</td>
    </tr>
    <tr>
        <td style="background:#00948511; padding:10px 14px;"><code>FLOOR(x)</code></td>
        <td style="padding:10px 14px;">Abrunden</td>
        <td style="padding:10px 14px;"><code>FLOOR(3.8)</code> ‚Üí 3</td>
    </tr>
    <tr>
        <td style="background:#00948511; padding:10px 14px;"><code>ABS(x)</code></td>
        <td style="padding:10px 14px;">Absolutwert</td>
        <td style="padding:10px 14px;"><code>ABS(-5)</code> ‚Üí 5</td>
    </tr>
    <tr>
        <td style="background:#00948511; padding:10px 14px;"><code>POWER(x, y)</code></td>
        <td style="padding:10px 14px;">x hoch y</td>
        <td style="padding:10px 14px;"><code>POWER(2, 3)</code> ‚Üí 8</td>
    </tr>
    <tr>
        <td style="background:#00948511; padding:10px 14px;"><code>SQRT(x)</code></td>
        <td style="padding:10px 14px;">Quadratwurzel</td>
        <td style="padding:10px 14px;"><code>SQRT(16)</code> ‚Üí 4</td>
    </tr>
    </tbody>
</table>
</div>

Ein h√§ufiger Anwendungsfall f√ºr mathematische Funktionen ist das Runden von Berechnungsergebnissen f√ºr eine √ºbersichtliche Darstellung:

???+ example "Beispiel"

    ```sql
    -- Ersatzteilkosten auf 2 Nachkommastellen runden
    SELECT
        m.name,
        ROUND(AVG(e.preis * me.menge), 2) AS durchschnitt_kosten
    FROM maschinen m
    INNER JOIN maschinen_ersatzteile me ON m.maschinen_id = me.maschinen_id
    INNER JOIN ersatzteile e ON me.teil_id = e.teil_id
    GROUP BY m.name;
    ```

    ```sql title="Tabelle: Durchschnittskosten"
             name         | durchschnitt_kosten
    ----------------------+---------------------
     Drehbank Beta        |              815.25
     CNC-Fr√§se Alpha      |             1005.50
     Schwei√üroboter Gamma |              305.00
    (3 rows)
    ``` 

---

Nun ist es Zeit, die gelernten Techniken zu √ºben! Die folgenden Aufgaben helfen uns, Unterabfragen, Funktionen und bedingte Logik anzuwenden.

???+ question "Aufgabe 1: Unterabfragen"

    Finde alle Ersatzteile, die teurer sind als der Durchschnittspreis.

    ??? tip "L√∂sung anzeigen"

        ```sql
        SELECT teilname, preis
        FROM ersatzteile
        WHERE preis > (SELECT AVG(preis) FROM ersatzteile);
        ```

???+ question "Aufgabe 2: String-Funktionen"

    Erstelle f√ºr alle Maschinen eine Seriennummer im Format: `TYP-ID-JAHR` (z.B. `CNC-1-2019`)

    ??? tip "L√∂sung anzeigen"

        ```sql
        SELECT
            name,
            CONCAT(
                UPPER(SUBSTRING(typ, 1, 3)),
                '-',
                maschinen_id,
                '-',
                anschaffungsjahr
            ) AS seriennummer
        FROM maschinen;
        ```

???+ question "Aufgabe 3: CASE WHEN"

    Kategorisiere Maschinen nach Anschaffungsjahr:

    - ab 2022: "Neu"
    - 2018-2021: "Mittel"
    - vor 2018: "Alt"

    ??? tip "L√∂sung anzeigen"

        ```sql
        SELECT
            name,
            anschaffungsjahr,
            CASE
                WHEN anschaffungsjahr >= 2022 THEN 'Neu'
                WHEN anschaffungsjahr >= 2018 THEN 'Mittel'
                ELSE 'Alt'
            END AS altersklasse
        FROM maschinen;
        ```

???+ question "Aufgabe 4: Kombiniert"

    Finde Maschinen, die √ºberdurchschnittlich hohe Ersatzteilkosten haben.

    ??? tip "L√∂sung anzeigen"

        ```sql
        SELECT
            m.name,
            ROUND(SUM(e.preis * me.menge), 2) AS gesamt_kosten
        FROM maschinen m
        INNER JOIN maschinen_ersatzteile me ON m.maschinen_id = me.maschinen_id
        INNER JOIN ersatzteile e ON me.teil_id = e.teil_id
        GROUP BY m.name
        HAVING SUM(e.preis * me.menge) > (
            SELECT AVG(kosten)
            FROM (
                SELECT SUM(e.preis * me.menge) AS kosten
                FROM maschinen m
                INNER JOIN maschinen_ersatzteile me ON m.maschinen_id = me.maschinen_id
                INNER JOIN ersatzteile e ON me.teil_id = e.teil_id
                GROUP BY m.maschinen_id
            ) AS durchschnitt
        );
        ```

---

## Zusammenfassung üìå

Mit den fortgeschrittenen SQL-Techniken aus diesem Kapitel haben wir unser Werkzeugkasten deutlich erweitert. Diese Techniken erlauben es uns, komplexe Abfragen elegant zu formulieren und Daten direkt in der Datenbank zu transformieren und zu analysieren, ohne auf Anwendungslogik zur√ºckgreifen zu m√ºssen.

Die wichtigsten Erkenntnisse:

- **Unterabfragen** erlauben Abfragen innerhalb von Abfragen und machen komplexe Fragestellungen in einem Statement l√∂sbar
- **IN / NOT IN** pr√ºft Mitgliedschaft in einer Menge, aber Achtung bei NULL-Werten
- **EXISTS / NOT EXISTS** pr√ºft, ob eine Unterabfrage Ergebnisse liefert - oft schneller als IN und ohne NULL-Probleme
- **String-Funktionen** (CONCAT, UPPER, LOWER, SUBSTRING, LENGTH, TRIM, REPLACE) zur Textverarbeitung
- **Datumsfunktionen** (CURRENT_DATE, NOW, EXTRACT, AGE) f√ºr zeitbasierte Analysen
- **CASE WHEN** bringt if-else-Logik nach SQL und erm√∂glicht Kategorisierungen
- **COALESCE** behandelt NULL-Werte elegant ohne komplizierte Konstrukte
- **Mathematische Funktionen** (ROUND, CEIL, FLOOR, ABS, POWER, SQRT) f√ºr Berechnungen

---

Im n√§chsten Kapitel lernen wir √ºber **Datenintegrit√§t & Constraints** ‚Äì wie wir sicherstellen, dass nur g√ºltige Daten in unsere Datenbank gelangen! Mit den hier gelernten Techniken k√∂nnen wir nun auch komplexe Abfragen formulieren, doch die Qualit√§t unserer Daten ist ebenso wichtig wie unsere F√§higkeit, sie abzufragen.