# Grundlagen des Relationalen Modells

Im vorherigen Kapitel haben wir Datenbanken als L√∂sung f√ºr strukturierte Datenhaltung kennengelernt und PostgreSQL installiert. Jetzt wird es konkret: Wie werden Daten in einer relationalen Datenbank organisiert?

Die Antwort: In **Tabellen**!

---

## Das relationale Modell

Eine **relationale Datenbank** organisiert Daten in **Tabellen** (auch Relationen genannt). Jede Tabelle besitzt einen Namen (**Relationennamen**) und besteht aus:

<div style="text-align: center;">
    <img src="/assets/database/relationen/wording.png" alt="" style="margin-bottom: 1em;">
</div>

???+ defi "Relationale Datenbank"
    Eine Relationale Datenbank wird wiefolgt beschrieben:

    - **Tupel** (auch Zeilen oder Datens√§tze genannt) ‚Äì repr√§sentieren einzelne Objekte oder Eintr√§ge
    - **Attribute** (auch Spalten oder Felder genannt) ‚Äì beschreiben Eigenschaften dieser Objekte
    - **Relationenschema** - Menge von Attributen. 
    - **Relationenname** - Name der Tabelle


---

## Datentypen in PostgreSQL

Jede Spalte einer Tabelle hat einen **Datentyp**, der festlegt, welche Art von Daten gespeichert werden kann. PostgreSQL bietet eine Vielzahl von Datentypen (siehe [Dokumentation](https://www.postgresql.org/docs/current/datatype.html))- wir konzentrieren uns zun√§chst auf die wichtigsten:

### Textdaten

<div style="text-align:center; max-width:820px; margin:16px auto;">
<table role="table" 
       style="width:100%; border-collapse:separate; border-spacing:0; border:1px solid #cfd8e3; border-radius:10px; overflow:hidden; font-family:system-ui,sans-serif;">
    <thead>
    <tr style="background:#009485; color:#fff;">
        <th style="text-align:left; padding:12px 14px; font-weight:700;">Datentyp</th>
        <th style="text-align:left; padding:12px 14px; font-weight:700;">Beschreibung</th>
        <th style="text-align:left; padding:12px 14px; font-weight:700;">Beispiel</th>
    </tr>
    </thead>
    <tbody>
    <tr>
        <td style="background:#00948511; padding:10px 14px;"><code>VARCHAR(n)</code></td>
        <td style="padding:10px 14px;">Zeichenkette mit max. <code>n</code> Zeichen</td>
        <td style="padding:10px 14px;"><code>'CNC-Fr√§se Alpha'</code></td>
    </tr>
    <tr>
        <td style="background:#00948511; padding:10px 14px;"><code>TEXT</code></td>
        <td style="padding:10px 14px;">Zeichenkette unbegrenzter L√§nge</td>
        <td style="padding:10px 14px;"><code>'Ein langer Text...'</code></td>
    </tr>
    <tr>
        <td style="background:#00948511; padding:10px 14px;"><code>CHAR(n)</code></td>
        <td style="padding:10px 14px;">Zeichenkette mit fixer L√§nge <code>n</code></td>
        <td style="padding:10px 14px;"><code>'AT'</code> (L√§nderk√ºrzel)</td>
    </tr>
    </tbody>
</table>
</div>

### Zahlen

<div style="text-align:center; max-width:820px; margin:16px auto;">
<table role="table" 
       style="width:100%; border-collapse:separate; border-spacing:0; border:1px solid #cfd8e3; border-radius:10px; overflow:hidden; font-family:system-ui,sans-serif;">
    <thead>
    <tr style="background:#009485; color:#fff;">
        <th style="text-align:left; padding:12px 14px; font-weight:700;">Datentyp</th>
        <th style="text-align:left; padding:12px 14px; font-weight:700;">Beschreibung</th>
        <th style="text-align:left; padding:12px 14px; font-weight:700;">Beispiel</th>
    </tr>
    </thead>
    <tbody>
    <tr>
        <td style="background:#00948511; padding:10px 14px;"><code>INTEGER</code></td>
        <td style="padding:10px 14px;">Ganze Zahl (-2.147.483.648 bis 2.147.483.647)</td>
        <td style="padding:10px 14px;"><code>42</code>, <code>-17</code></td>
    </tr>
    <tr>
        <td style="background:#00948511; padding:10px 14px;"><code>SMALLINT</code></td>
        <td style="padding:10px 14px;">Kleine ganze Zahl (-32.768 bis 32.767)</td>
        <td style="padding:10px 14px;"><code>5</code></td>
    </tr>
    <tr>
        <td style="background:#00948511; padding:10px 14px;"><code>BIGINT</code></td>
        <td style="padding:10px 14px;">Gro√üe ganze Zahl (-9.223.372.036.854.775.808 bis 9.223.372.036.854.775.807)</td>
        <td style="padding:10px 14px;"><code>9876543210</code></td>
    </tr>
    <tr>
        <td style="background:#00948511; padding:10px 14px;"><code>NUMERIC(p,d)</code></td>
        <td style="padding:10px 14px;">Festkommazahl (<code>p</code> Gesamtstellen, <code>d</code> Nachkommastellen)</td>
        <td style="padding:10px 14px;"><code>123.45</code></td>
    </tr>
    <tr>
        <td style="background:#00948511; padding:10px 14px;"><code>REAL</code></td>
        <td style="padding:10px 14px;">Gleitkommazahl (einfache Genauigkeit)</td>
        <td style="padding:10px 14px;"><code>3.14159</code></td>
    </tr>
    </tbody>
</table>
</div>

???+ defi "Signed / Unsigned"
    Generell unterschiedet man bei ganzzahligen Datentypen zwischen **signed** (vorzeichenbehaftet) und **unsigned** (vorzeichenlos):

    **Signed (vorzeichenbehaftet)**:

    - Kann **positive und negative** Zahlen speichern
    - Beispiel `INTEGER`: -2.147.483.648 bis +2.147.483.647
    - Das erste Bit (Vorzeichenbit) bestimmt, ob die Zahl positiv oder negativ ist

    **Unsigned (vorzeichenlos)**:

    - Kann **nur positive** Zahlen speichern (inkl. 0)
    - W√ºrde bei `INTEGER` theoretisch 0 bis 4.294.967.295 erm√∂glichen
    
    **Wichtig:** PostgreSQL unterst√ºtzt standardm√§√üig **keine unsigned-Typen**!


### Datum & Zeit

<div style="text-align:center; max-width:820px; margin:16px auto;">
<table role="table" 
       style="width:100%; border-collapse:separate; border-spacing:0; border:1px solid #cfd8e3; border-radius:10px; overflow:hidden; font-family:system-ui,sans-serif;">
    <thead>
    <tr style="background:#009485; color:#fff;">
        <th style="text-align:left; padding:12px 14px; font-weight:700;">Datentyp</th>
        <th style="text-align:left; padding:12px 14px; font-weight:700;">Beschreibung</th>
        <th style="text-align:left; padding:12px 14px; font-weight:700;">Beispiel</th>
    </tr>
    </thead>
    <tbody>
    <tr>
        <td style="background:#00948511; padding:10px 14px;"><code>DATE</code></td>
        <td style="padding:10px 14px;">Datum (ohne Uhrzeit)</td>
        <td style="padding:10px 14px;"><code>'2024-03-15'</code></td>
    </tr>
    <tr>
        <td style="background:#00948511; padding:10px 14px;"><code>TIME</code></td>
        <td style="padding:10px 14px;">Uhrzeit (ohne Datum)</td>
        <td style="padding:10px 14px;"><code>'14:30:00'</code></td>
    </tr>
    <tr>
        <td style="background:#00948511; padding:10px 14px;"><code>TIMESTAMP</code></td>
        <td style="padding:10px 14px;">Datum und Uhrzeit</td>
        <td style="padding:10px 14px;"><code>'2024-03-15 14:30:00'</code></td>
    </tr>
    </tbody>
</table>
</div>

### Sonstige

<div style="text-align:center; max-width:820px; margin:16px auto;">
<table role="table" 
       style="width:100%; border-collapse:separate; border-spacing:0; border:1px solid #cfd8e3; border-radius:10px; overflow:hidden; font-family:system-ui,sans-serif;">
    <thead>
    <tr style="background:#009485; color:#fff;">
        <th style="text-align:left; padding:12px 14px; font-weight:700;">Datentyp</th>
        <th style="text-align:left; padding:12px 14px; font-weight:700;">Beschreibung</th>
        <th style="text-align:left; padding:12px 14px; font-weight:700;">Beispiel</th>
    </tr>
    </thead>
    <tbody>
    <tr>
        <td style="background:#00948511; padding:10px 14px;"><code>BOOLEAN</code></td>
        <td style="padding:10px 14px;">Wahrheitswert (wahr/falsch)</td>
        <td style="padding:10px 14px;"><code>TRUE</code>, <code>FALSE</code></td>
    </tr>
    <tr>
        <td style="background:#00948511; padding:10px 14px;"><code>SERIAL</code></td>
        <td style="padding:10px 14px;">Auto-inkrementierende Ganzzahl</td>
        <td style="padding:10px 14px;"><code>1, 2, 3, ...</code></td>
    </tr>
    </tbody>
</table>
</div>


---

## Der Prim√§rschl√ºssel

Stellen wir uns vor, unser Produktionsbetrieb hat zwei CNC-Fr√§sen mit dem Namen "CNC-Fr√§se Alpha". Beide stehen in Halle A, beide wurden im Jahr 2019 angeschafft. Wie k√∂nnen wir diese beiden Maschinen in unserer Datenbank eindeutig voneinander unterscheiden? Was passiert, wenn wir eine Wartung f√ºr die erste Fr√§se dokumentieren wollen - wie wei√ü die Datenbank, welche der beiden gemeint ist?

Genau hier kommt der **Prim√§rschl√ºssel** (engl. Primary Key) ins Spiel!

Ein **Prim√§rschl√ºssel** ist eine Spalte (oder eine Kombination mehrerer Spalten), die jeden Datensatz in einer Tabelle **eindeutig identifiziert**. Er funktioniert wie eine Seriennummer oder Personalausweisnummer: Jede Maschine, jeder Auftrag, jedes Ersatzteil erh√§lt einen einzigartigen Wert, √ºber den es jederzeit zweifelsfrei identifiziert werden kann.

In unserem Beispiel w√ºrden wir den beiden CNC-Fr√§sen unterschiedliche Maschinen-IDs zuweisen - etwa `maschinen_id = 1` f√ºr die erste und `maschinen_id = 5` f√ºr die zweite Fr√§se. Selbst wenn beide denselben Namen, Typ und Standort haben, sind sie durch ihre ID eindeutig unterscheidbar.

???+ defi "Prim√§rschl√ºssel (Primary Key)"
    Ein **Prim√§rschl√ºssel** ist ein Attribut (oder eine Kombination von Attributen), das jeden Datensatz in einer Tabelle eindeutig identifiziert.

    **Eigenschaften eines Prim√§rschl√ºssels:**

    - **Eindeutig** ‚Äì Kein Wert darf in der Tabelle doppelt vorkommen
    - **Nicht NULL** ‚Äì Jeder Datensatz muss einen Wert haben (leere Eintr√§ge sind nicht erlaubt)
    - **Unver√§nderlich** ‚Äì Sollte sich idealerweise nie √§ndern, um Konsistenz zu gew√§hrleisten

    **Beispiele aus der Praxis:**

    - **Maschinen-ID** f√ºr Produktionsmaschinen (z.B. `M001`, `M002`, ...)
    - **Auftragsnummer** f√ºr Produktionsauftr√§ge (z.B. `AUF-2024-00123`)
    - **Artikel-Nr.** f√ºr Ersatzteile (z.B. `201`, `202`, ...)
    - **Mitarbeiter-ID** f√ºr Techniker (z.B. `T42`)

### Warum sind Prim√§rschl√ºssel wichtig?

Ohne Prim√§rschl√ºssel w√ºrde es in der Datenbank schnell zu Chaos kommen. Ohne eindeutige Identifikation w√§re eine verl√§ssliche Datenverwaltung unm√∂glich. Der Prim√§rschl√ºssel sorgt daf√ºr, dass:

- **Datens√§tze eindeutig identifiziert** werden k√∂nnen
- **Verkn√ºpfungen zwischen Tabellen** funktionieren (mehr dazu sp√§ter bei Fremdschl√ºsseln)
- **Keine Duplikate** entstehen k√∂nnen
- **Daten konsistent** bleiben, selbst wenn andere Werte ge√§ndert werden

In der Praxis verwendet man h√§ufig eine **fortlaufende Nummer** (1, 2, 3, ...) als Prim√§rschl√ºssel, da diese automatisch eindeutig ist und sich nie √§ndert ‚Äì selbst wenn der Maschinenname oder Standort sp√§ter angepasst wird.

<div style="text-align: center;">
    <img src="https://i.imgflip.com/aadzku.jpg" alt="" style="margin-bottom: 0em;">
    <figcaption>Quelle: <a href="https://i.imgflip.com/aadzku.jpg">Imgflip</a></figcaption>
</div>

---

## Erstellen einer Tabelle

Nun wollen wir wieder in den praktischen Teil zur√ºckkehren und eine Tabelle erstellen. Diese soll die Maschinen unseres Produktionsbetriebs speichern. 

### Verbindung zur Datenbank

Wir wechseln daher wieder zu pgAdmin in the *PSQL Tool Workspace* und w√§hlen unsere bereits zuvor erzeugte Datenbank `produktions_db` aus.

<div style="text-align: center;">
    <img src="/assets/database/relationen/connect.png" alt="" style="width: 70%; margin-bottom: 0em;">
</div>

???+ info "Dankenbank nicht gefunden?"
    Wenn die Datenbank nicht gefunden wird, kann es daran liegen, dass die Darstellung noch nicht aktualisiert wurde. Enfernen Sie die Auswahl des Servers im *PSQL Tool Workspace* und w√§hlen anschlie√üend erneut 'PostgreSQL 18' aus. Nun sollte unter 'Database' unsere Datenbank `produktions_db` zu sehen sein.

Alternativ k√∂nnen wir auch √ºber den Windows Terminal (cmd) die Verbindung zur Datenbank herstellen und dort direkt die SQL-Befehle ausf√ºhren:
```cmd
psql -h localhost -p 5432 -U postgres -d produktions_db
```

### Erstellen (CREATE TABLE)

Beim **erstellen der Tabelle** verwenden wir - wie beim erstellen einer Datenbank - den Befehl `CREATE`. Dieses mal m√ºssen wir aber noch den Befehl `TABLE` anstelle von `DATABASE` hinzuf√ºgen.

Nach dem Befehl `CREATE TABLE` folgt der Name der Tabelle und anschlie√üend die **Attribute** der Tabelle in einer Klammern. Jedes Attribut hat einen Namen und einen Datentyp und wird durch ein Komma getrennt. Wenn wir bei unserem Beispiel von zuvor beleiben, m√ºssen wir die Tabelle `maschinen` wiefolgt erstellen:

<div class="grid cards" markdown>

-   __Syntax__

    ---

    ```sql { .yaml .no-copy }
    CREATE TABLE tabellenname (
        attribut1 typ,
        attribut2 typ,
        ...
    );
    ```


-   __Beispiel__

    ---

    ???+ example "Beispiel"

        ```sql { .annotate }
        CREATE TABLE maschinen ( --(1)!
            maschinen_id INTEGER PRIMARY KEY, --(2)!
            name VARCHAR(100), --(3)!
            typ VARCHAR(50), --(4)!
            standort VARCHAR(50), --(5)!
            anschaffungsjahr INTEGER, --(6)!
            status VARCHAR(20) --(7)!
        );
        ```

        1. Erstelle eine Tabelle mit dem Namen "maschinen"
        2. Spalte f√ºr die Maschinen-ID (Prim√§rschl√ºssel = eindeutig!)
        3. Maschinenname (max. 100 Zeichen)
        4. Maschinentyp (z.B. "CNC-Fr√§se", "Drehbank", max 50 Zeichen)
        5. Standort (z.B. "Halle A", max 50 Zeichen)
        6. Jahr der Anschaffung (ganze Zahl)
        7. Status (z.B. "Aktiv", "Wartung", "Defekt", max 20 Zeichen)

</div>








Den **Prim√§rschl√ºssel** haben wir dabei mit Hilfe des Befehls `PRIMARY KEY` auf das Attribut `maschinen_id` gesetzt.

Wenn der Befehl erfolgreich ausgef√ºhrt wurde, sollte die Tabelle in der Datenbank angezeigt werden (*Default Workspace* > ... > *produktions_db* > *Schemas* > *public* > *Tables*).

### Daten einf√ºgen (INSERT)

Eine leere Tabelle ist meist nicht das Ziel. Daher m√ºssen wir uns nun ansehen, wie wir Daten (Zeilen / Tuple) in unsere nun bestehende Tabelle einf√ºgen k√∂nnen. Dazu gibt es in SQL den `INSERT` Befehl. 


<div class="grid cards" markdown>

-   __Syntax__

    ---

    ```sql
    INSERT INTO tabellenname (attribut1, attribut2, ...)
    VALUES (wert1, wert2, ...);
    ```


-   __Beispiel__

    ---


    ???+ example "Beispiel"

        ```sql
        INSERT INTO maschinen (
            maschinen_id, name, typ, standort, anschaffungsjahr, status
        )
        VALUES
        (1, 'CNC-Fr√§se Alpha', 'CNC-Fr√§se', 'Halle A', 2019, 'Aktiv'),
        (2, 'Drehbank Beta', 'Drehbank', 'Halle A', 2021, 'Aktiv'),
        (3, 'Schwei√üroboter Gamma', 'Schwei√üroboter', 'Halle B', 2020, 'Wartung'),
        (4, 'Lackieranlage Delta', 'Lackieranlage', 'Halle C', 2018, 'Aktiv');
        ```

</div>

???+ info "Datentyp"
    - Textwerte m√ºssen in einfachen Anf√ºhrungszeichen stehen: `'Text'`
    - Zahlen stehen ohne Anf√ºhrungszeichen: `42`

### Daten abfragen (SELECT)

Nachdem wir nun eine bef√ºllte Tabelle vor uns haben, ist die n√§chste Aufgabe klar: wir wollen die Daten aus der Datenbank auslesen/abrufen. Dazu verwenden wir den `SELECT` Befehl:

<div class="grid cards" markdown>

-   __Syntax__

    ---

    ```sql
    SELECT * FROM tabellenname;
    ```


-   __Output__

    ---


    ???+ example "Beispiel"
        ```sql
        SELECT * FROM maschinen;
        ```

        ```
         maschinen_id |         name         |      typ       | standort | anschaffungsjahr | status
        --------------+----------------------+----------------+----------+------------------+---------
                    1 | CNC-Fr√§se Alpha      | CNC-Fr√§se      | Halle A  |             2019 | Aktiv
                    2 | Drehbank Beta        | Drehbank       | Halle A  |             2021 | Aktiv
                    3 | Schwei√üroboter Gamma | Schwei√üroboter | Halle B  |             2020 | Wartung
                    4 | Lackieranlage Delta  | Lackieranlage  | Halle C  |             2018 | Aktiv
        (4 rows)
        ```

</div>

???+ info "Der * Operator"
    Das * (Sternchen) ist ein Platzhalter f√ºr "alle Spalten". Es ist praktisch f√ºr schnelle Abfragen, aber in der Praxis sollte man die ben√∂tigten Spalten explizit angeben da sonnst un√∂tig Daten √ºbertragen werden m√ºssen. 

<div class="grid cards" markdown>

-   __Syntax__

    ---

    ```sql
    SELECT attribut1, attribut2 FROM tabellenname;
    ```


-   __Output__

    ---


    ???+ example "Beispiel"
        ```sql
        SELECT name, typ, standort FROM maschinen;
        ```


        ```
                name         |      typ       | standort
        ---------------------+----------------+----------
        CNC-Fr√§se Alpha      | CNC-Fr√§se      | Halle A
        Drehbank Beta        | Drehbank       | Halle A
        Schwei√üroboter Gamma | Schwei√üroboter | Halle B
        Lackieranlage Delta  | Lackieranlage  | Halle C
        (4 rows)
        ```

</div>

---

Jetzt geht es darum, das erlernte zu probieren. 

???+ question "Ersatzteiltabelle"

    Erstelle eine Tabelle f√ºr **Ersatzteile** des Produktionsbetriebs.

    ---

    **Aufgabe 1: Tabelle erstellen**

    Erstelle eine Tabelle `ersatzteile` mit folgenden Spalten:

    - `teil_id` (INTEGER, Prim√§rschl√ºssel)
    - `bezeichnung` (VARCHAR(100))
    - `bestand` (INTEGER)
    - `mindestbestand` (INTEGER)
    - `preis` (NUMERIC(10,2))

    ---

    **Aufgabe 2: Daten einf√ºgen**

    F√ºge folgende Ersatzteile ein:

    - Teil 201: "Fr√§skopf Standard", Bestand 15, Mindestbestand 5, Preis 450.00
    - Teil 202: "K√ºhlmittelfilter", Bestand 8, Mindestbestand 10, Preis 25.50
    - Teil 203: "Spannbacken-Set", Bestand 12, Mindestbestand 3, Preis 180.00

    ---

    **Aufgabe 3: Abfragen**

    Zeige alle Ersatzteile mit ihrem Bestand und Preis an.

---

## Zusammenfassung üìå

- Das **relationale Modell** organisiert Daten in **Tabellen** mit Zeilen und Spalten
- Jede Spalte hat einen **Datentyp** (TEXT, INTEGER, DATE, BOOLEAN, ...)
- Ein **Prim√§rschl√ºssel** identifiziert jeden Datensatz eindeutig und darf nicht NULL sein
- **CREATE TABLE** erstellt eine neue Tabelle mit definierter Struktur
- **INSERT INTO** f√ºgt neue Datens√§tze in eine Tabelle ein
- **SELECT** fragt Daten aus einer Tabelle ab
- `SELECT *` zeigt alle Spalten, w√§hrend `SELECT spalte1, spalte2` nur bestimmte Spalten zeigt

---

Im n√§chsten Kapitel lernen wir, wie wir Daten **gezielt filtern, sortieren und aggregieren** k√∂nnen ‚Äì die wahre Macht von SQL!
